{"stats":{"minecraft:dropped":{"minecraft:stone_axe":2,"minecraft:rotten_flesh":2,"minecraft:golden_hoe":1,"minecraft:stone_pickaxe":1,"quality_of_progression:flint_tool":1},"minecraft:killed":{"minecraft:sheep":2,"minecraft:zombie":2,"minecraft:spider":2,"minecraft:enderman":2},"minecraft:used":{"quality_of_progression:flint_tool":15,"minecraft:stone_pickaxe":63,"minecraft:birch_sapling":4,"minecraft:gravel":20,"minecraft:stone_axe":26,"minecraft:dirt":4,"minecraft:crafting_table":1,"minecraft:furnace":1,"minecraft:andesite":4},"minecraft:crafted":{"minecraft:stick":8,"quality_of_progression:flint_tool":2,"minecraft:stone_pickaxe":1,"minecraft:furnace":1,"minecraft:birch_planks":16,"minecraft:stone_axe":1},"minecraft:killed_by":{"minecraft:drowned":1,"minecraft:skeleton":1,"minecraft:creeper":1,"minecraft:zombie":2},"minecraft:picked_up":{"minecraft:birch_log":20,"minecraft:stick":6,"minecraft:crafting_table":2,"realisticforgingores:big_stone":1,"minecraft:andesite":27,"minecraft:leather":2,"minecraft:gravel":20,"minecraft:golden_shovel":1,"minecraft:flint":4,"realisticforgingores:copperore":55,"minecraft:diorite":5,"minecraft:dirt":16,"alexsmobs:animal_dictionary":3,"minecraft:stone_sword":1,"minecraft:rotten_flesh":3,"minecraft:wheat_seeds":2,"minecraft:stone_axe":3,"minecraft:golden_hoe":2,"minecraft:beef":3,"minecraft:stone_pickaxe":5,"minecraft:bone_meal":4,"minecraft:birch_sapling":8,"minecraft:mutton":2,"minecraft:cod":1,"minecraft:coal":21,"minecraft:white_wool":2,"minecraft:cobblestone":35},"minecraft:custom":{"minecraft:time_since_rest":1825,"minecraft:interact_with_furnace":2,"minecraft:sprint_one_cm":53004,"minecraft:damage_taken":1420,"minecraft:walk_one_cm":41608,"minecraft:mob_kills":4,"minecraft:drop":7,"minecraft:damage_dealt":683,"minecraft:interact_with_crafting_table":12,"minecraft:fly_one_cm":21624,"minecraft:play_time":26665,"minecraft:crouch_one_cm":4002,"minecraft:deaths":5,"minecraft:sneak_time":2187,"minecraft:jump":274,"minecraft:leave_game":2,"minecraft:time_since_death":1788,"minecraft:total_world_time":26665,"minecraft:fall_one_cm":5538},"minecraft:mined":{"minecraft:birch_log":13,"minecraft:andesite":7,"minecraft:birch_leaves":8,"minecraft:crafting_table":2,"minecraft:grass_block":2,"minecraft:coal_ore":15,"minecraft:gravel":17,"minecraft:dirt":3,"minecraft:copper_ore":11,"minecraft:stone":25,"minecraft:diorite":2}},"DataVersion":3465}