{"stats":{"minecraft:dropped":{"minecraft:stone_axe":1,"quality_of_progression:flint_tool":1},"minecraft:used":{"quality_of_progression:flint_tool":15,"minecraft:stone_pickaxe":54,"minecraft:birch_sapling":4,"minecraft:gravel":20,"minecraft:stone_axe":5,"minecraft:crafting_table":1,"minecraft:furnace":1},"minecraft:killed":{"minecraft:sheep":2,"minecraft:spider":2},"minecraft:crafted":{"minecraft:stick":4,"quality_of_progression:flint_tool":2,"minecraft:stone_pickaxe":1,"minecraft:furnace":1,"minecraft:birch_planks":16,"minecraft:stone_axe":1},"minecraft:killed_by":{"minecraft:drowned":1,"minecraft:zombie":1},"minecraft:picked_up":{"minecraft:birch_log":20,"minecraft:stick":5,"minecraft:crafting_table":2,"minecraft:andesite":3,"minecraft:gravel":20,"minecraft:flint":3,"realisticforgingores:copperore":14,"alexsmobs:animal_dictionary":1,"minecraft:dirt":15,"minecraft:rotten_flesh":1,"minecraft:stone_axe":1,"minecraft:wheat_seeds":2,"minecraft:bone_meal":2,"minecraft:mutton":2,"minecraft:birch_sapling":4,"minecraft:cod":1,"minecraft:coal":21,"minecraft:white_wool":1,"minecraft:cobblestone":32},"minecraft:custom":{"minecraft:time_since_rest":8395,"minecraft:interact_with_furnace":2,"minecraft:sprint_one_cm":27378,"minecraft:damage_taken":665,"minecraft:walk_one_cm":26923,"minecraft:mob_kills":2,"minecraft:drop":2,"minecraft:damage_dealt":166,"minecraft:fly_one_cm":10385,"minecraft:interact_with_crafting_table":9,"minecraft:crouch_one_cm":2446,"minecraft:play_time":16656,"minecraft:deaths":2,"minecraft:sneak_time":1599,"minecraft:jump":120,"minecraft:leave_game":1,"minecraft:time_since_death":7830,"minecraft:total_world_time":16656,"minecraft:fall_one_cm":1976},"minecraft:mined":{"minecraft:birch_log":13,"minecraft:andesite":3,"minecraft:birch_leaves":8,"minecraft:crafting_table":2,"minecraft:grass_block":2,"minecraft:coal_ore":15,"minecraft:gravel":17,"minecraft:dirt":3,"minecraft:copper_ore":8,"minecraft:stone":25}},"DataVersion":3465}