{"stats":{"minecraft:dropped":{"minecraft:stone_axe":2,"minecraft:rotten_flesh":2,"minecraft:golden_hoe":1,"minecraft:stone_pickaxe":1,"quality_of_progression:flint_tool":1},"minecraft:killed":{"minecraft:sheep":2,"minecraft:zombie":2,"minecraft:spider":4,"minecraft:enderman":2},"minecraft:used":{"quality_of_progression:flint_tool":15,"minecraft:stone_pickaxe":67,"minecraft:birch_sapling":4,"minecraft:wooden_pickaxe":7,"minecraft:gravel":20,"minecraft:stone_axe":34,"minecraft:dirt":4,"minecraft:crafting_table":1,"minecraft:furnace":1,"minecraft:andesite":4},"minecraft:crafted":{"minecraft:stick":16,"minecraft:wooden_pickaxe":1,"quality_of_progression:flint_tool":2,"minecraft:stone_pickaxe":2,"minecraft:furnace":1,"minecraft:birch_planks":16,"minecraft:stone_axe":2},"minecraft:killed_by":{"minecraft:drowned":1,"minecraft:skeleton":1,"minecraft:creeper":1,"minecraft:zombie":2},"minecraft:picked_up":{"minecraft:birch_log":27,"minecraft:stick":6,"minecraft:crafting_table":3,"realisticforgingores:big_stone":1,"minecraft:andesite":28,"minecraft:leather":2,"minecraft:birch_planks":8,"minecraft:gravel":20,"minecraft:golden_shovel":1,"minecraft:flint":4,"realisticforgingores:copperore":66,"minecraft:diorite":5,"minecraft:dirt":16,"alexsmobs:animal_dictionary":3,"minecraft:stone_sword":1,"minecraft:rotten_flesh":3,"minecraft:wheat_seeds":2,"minecraft:stone_axe":3,"minecraft:golden_hoe":2,"minecraft:beef":3,"minecraft:stone_pickaxe":5,"minecraft:bone_meal":4,"minecraft:birch_sapling":8,"minecraft:mutton":2,"minecraft:cod":1,"minecraft:coal":21,"minecraft:white_wool":2,"minecraft:cobblestone":41},"minecraft:custom":{"minecraft:time_since_rest":10921,"minecraft:interact_with_furnace":2,"minecraft:sprint_one_cm":70246,"minecraft:damage_taken":1440,"minecraft:walk_one_cm":53425,"minecraft:mob_kills":5,"minecraft:drop":7,"minecraft:damage_dealt":787,"minecraft:interact_with_crafting_table":15,"minecraft:fly_one_cm":34316,"minecraft:play_time":35761,"minecraft:crouch_one_cm":4721,"minecraft:deaths":5,"minecraft:sneak_time":2329,"minecraft:jump":343,"minecraft:leave_game":3,"minecraft:time_since_death":10884,"minecraft:total_world_time":35761,"minecraft:fall_one_cm":9312},"minecraft:mined":{"minecraft:birch_planks":1,"minecraft:birch_log":13,"minecraft:andesite":8,"minecraft:birch_leaves":8,"minecraft:crafting_table":3,"minecraft:grass_block":2,"minecraft:coal_ore":15,"minecraft:gravel":17,"minecraft:dirt":3,"minecraft:copper_ore":15,"minecraft:stone":31,"minecraft:diorite":2}},"DataVersion":3465}