{"stats":{"minecraft:dropped":{"minecraft:stone_axe":2,"minecraft:rotten_flesh":3,"realistictorches:lit_torch":31,"realistictorches:matchbox":1,"minecraft:coal":22,"quality_of_progression:flint_tool":1,"realisticforgingores:blacksmithstongs":1,"realisticforgingores:hotrawironore":13,"minecraft:iron_chestplate":1,"minecraft:golden_leggings":1,"minecraft:cooked_salmon":3,"minecraft:golden_hoe":1,"minecraft:iron_axe":1,"realistictorches:unlit_torch":1,"minecraft:stone_pickaxe":1,"minecraft:iron_pickaxe":1,"minecraft:nautilus_shell":1,"majruszsdifficulty:tattered_leggings":1,"minecraft:string":1,"minecraft:birch_log":11,"realisticforgingores:raw_iron_ore":43},"minecraft:killed":{"minecraft:spider":4,"minecraft:skeleton":4,"minecraft:sheep":2,"minecraft:zombie":4,"minecraft:enderman":2},"minecraft:used":{"minecraft:birch_planks":1,"minecraft:stone_pickaxe":223,"minecraft:shield":8,"minecraft:chest":1,"minecraft:wooden_pickaxe":87,"minecraft:rotten_flesh":2,"minecraft:dirt":7,"minecraft:crafting_table":1,"minecraft:white_bed":1,"minecraft:granite":6,"minecraft:birch_door":1,"quality_of_progression:flint_tool":26,"realistictorches:lit_torch":2,"minecraft:birch_sapling":4,"minecraft:iron_pickaxe":95,"minecraft:gravel":26,"minecraft:stone_axe":56,"minecraft:cobblestone":12,"minecraft:furnace":1,"minecraft:andesite":4,"realistictorches:unlit_torch":3},"minecraft:broken":{"minecraft:stone_pickaxe":1,"minecraft:wooden_pickaxe":1},"minecraft:crafted":{"quality_of_progression:flint_tool":3,"minecraft:wooden_pickaxe":1,"realisticforgingores:two_sticks":10,"minecraft:furnace":1,"minecraft:birch_planks":64,"minecraft:stone_axe":3,"realisticforgingores:hotrawironore":12,"minecraft:shield":1,"minecraft:iron_axe":1,"realisticforgingores:blacksmithstongs":1,"minecraft:stick":44,"minecraft:iron_pickaxe":1,"minecraft:stone_pickaxe":3,"minecraft:chest":1},"minecraft:killed_by":{"minecraft:player":1,"minecraft:skeleton":4,"minecraft:creeper":1,"minecraft:zombie":4,"minecraft:drowned":2},"minecraft:picked_up":{"minecraft:nautilus_shell":3,"minecraft:birch_log":72,"minecraft:iron_chestplate":3,"minecraft:birch_door":1,"minecraft:crafting_table":3,"minecraft:andesite":28,"minecraft:leather":2,"minecraft:golden_leggings":3,"realisticforgingores:hotrawironore":13,"minecraft:birch_planks":105,"minecraft:golden_shovel":4,"minecraft:flint":7,"minecraft:stone_brick_stairs":2,"realisticforgingores:copperore":79,"minecraft:shield":6,"realisticforgingores:blacksmithstongs":1,"minecraft:dirt":28,"minecraft:string":5,"minecraft:iron_axe":3,"minecraft:cooked_salmon":3,"realisticforgingores:raw_iron_ore":195,"minecraft:bone":8,"realisticforgingores:smithing_stone_hammer":2,"realisticforgingores:stickhotrawiron":1,"minecraft:stone_bricks":3,"quality_of_progression:flint_tool":2,"minecraft:wheat_seeds":2,"majruszsdifficulty:tattered_leggings":1,"realistictorches:matchbox":2,"minecraft:stone_pickaxe":7,"minecraft:iron_ingot":10,"minecraft:beef":3,"minecraft:mossy_stone_bricks":1,"minecraft:iron_pickaxe":5,"minecraft:birch_sapling":8,"minecraft:mossy_stone_brick_stairs":1,"minecraft:iron_boots":2,"minecraft:stick":12,"realisticforgingores:big_stone":1,"realisticforgingores:two_sticks":2,"minecraft:gravel":27,"minecraft:diorite":5,"minecraft:white_bed":1,"alexsmobs:animal_dictionary":3,"minecraft:stone_sword":1,"minecraft:arrow":8,"minecraft:rotten_flesh":22,"minecraft:stone_axe":7,"minecraft:golden_hoe":2,"realistictorches:unlit_torch":11,"realistictorches:lit_torch":74,"minecraft:granite":59,"minecraft:bone_meal":4,"minecraft:mutton":2,"minecraft:cod":1,"minecraft:coal":87,"minecraft:white_wool":2,"minecraft:cobblestone":420},"minecraft:custom":{"minecraft:interact_with_furnace":51,"minecraft:mob_kills":8,"minecraft:interact_with_crafting_table":31,"minecraft:leave_game":11,"minecraft:time_since_death":3783,"minecraft:time_since_rest":3817,"minecraft:sprint_one_cm":212133,"minecraft:damage_taken":3730,"minecraft:walk_one_cm":210932,"minecraft:damage_blocked_by_shield":690,"minecraft:drop":37,"minecraft:damage_dealt":1350,"minecraft:swim_one_cm":85608,"minecraft:fly_one_cm":108104,"minecraft:open_chest":28,"minecraft:crouch_one_cm":10287,"minecraft:play_time":165227,"minecraft:deaths":14,"minecraft:sneak_time":5099,"minecraft:walk_under_water_one_cm":25599,"minecraft:boat_one_cm":31879,"minecraft:jump":1202,"minecraft:walk_on_water_one_cm":40533,"minecraft:total_world_time":165227,"minecraft:fall_one_cm":19750},"minecraft:mined":{"minecraft:crafting_table":3,"minecraft:granite":48,"minecraft:grass_block":7,"minecraft:copper_ore":19,"realistictorches:torch_wall":4,"minecraft:diorite":2,"minecraft:birch_planks":1,"realistictorches:torch":1,"minecraft:birch_log":22,"minecraft:iron_ore":11,"minecraft:fire":6,"minecraft:andesite":8,"minecraft:birch_leaves":21,"minecraft:stone_brick_stairs":1,"minecraft:mossy_stone_brick_stairs":1,"minecraft:coal_ore":15,"minecraft:gravel":25,"minecraft:dirt":8,"minecraft:cracked_stone_bricks":1,"minecraft:stone":237,"minecraft:stone_bricks":2,"minecraft:mossy_stone_bricks":1,"minecraft:oak_leaves":1}},"DataVersion":3465}