{"stats":{"minecraft:dropped":{"minecraft:iron_ingot":3,"minecraft:stone_axe":3,"minecraft:birch_planks":12,"minecraft:cobblestone":27,"minecraft:rotten_flesh":3,"minecraft:iron_boots":1,"realistictorches:lit_torch":44,"realistictorches:matchbox":2,"minecraft:coal":44,"quality_of_progression:flint_tool":1,"minecraft:flint":1,"realisticforgingores:blacksmithstongs":1,"minecraft:shield":2,"realisticforgingores:hotrawironore":13,"minecraft:iron_chestplate":2,"minecraft:golden_leggings":2,"minecraft:cooked_salmon":3,"minecraft:arrow":4,"minecraft:golden_hoe":1,"minecraft:iron_axe":2,"realistictorches:unlit_torch":3,"minecraft:stone_pickaxe":1,"minecraft:iron_pickaxe":2,"minecraft:nautilus_shell":2,"majruszsdifficulty:tattered_leggings":1,"minecraft:string":1,"minecraft:birch_log":22,"minecraft:bone":4,"realisticforgingores:raw_iron_ore":86},"minecraft:killed":{"minecraft:spider":4,"minecraft:creeper":2,"minecraft:skeleton":8,"minecraft:sheep":2,"minecraft:zombie":8,"minecraft:enderman":2},"minecraft:used":{"minecraft:diorite":1,"minecraft:birch_planks":1,"minecraft:stone_pickaxe":223,"minecraft:shield":20,"minecraft:chest":1,"minecraft:wooden_pickaxe":87,"minecraft:rotten_flesh":4,"minecraft:dirt":7,"minecraft:crafting_table":1,"minecraft:white_bed":3,"minecraft:granite":20,"minecraft:birch_door":1,"quality_of_progression:flint_tool":26,"minecraft:iron_axe":3,"realistictorches:lit_torch":15,"minecraft:birch_sapling":4,"minecraft:iron_pickaxe":110,"minecraft:gravel":26,"minecraft:stone_axe":90,"minecraft:cobblestone":19,"minecraft:furnace":1,"minecraft:andesite":4,"realistictorches:unlit_torch":3},"minecraft:broken":{"minecraft:stone_pickaxe":1,"minecraft:wooden_pickaxe":1},"minecraft:crafted":{"quality_of_progression:flint_tool":3,"minecraft:wooden_pickaxe":1,"realisticforgingores:two_sticks":10,"minecraft:furnace":1,"minecraft:birch_planks":64,"minecraft:stone_axe":3,"realisticforgingores:hotrawironore":12,"minecraft:shield":1,"minecraft:iron_axe":1,"realisticforgingores:blacksmithstongs":1,"minecraft:stick":44,"minecraft:iron_pickaxe":1,"minecraft:stone_pickaxe":3,"minecraft:chest":1},"minecraft:killed_by":{"minecraft:husk":1,"minecraft:player":1,"minecraft:skeleton":4,"minecraft:creeper":2,"minecraft:zombie":4,"minecraft:drowned":2},"minecraft:picked_up":{"minecraft:nautilus_shell":3,"minecraft:birch_log":72,"minecraft:iron_chestplate":3,"minecraft:birch_door":1,"minecraft:crafting_table":3,"minecraft:andesite":28,"minecraft:leather":2,"minecraft:golden_leggings":3,"realisticforgingores:hotrawironore":13,"minecraft:birch_planks":105,"minecraft:golden_shovel":4,"minecraft:flint":7,"minecraft:stone_brick_stairs":2,"realisticforgingores:copperore":85,"minecraft:shield":12,"realisticforgingores:blacksmithstongs":1,"minecraft:dirt":28,"minecraft:string":7,"minecraft:iron_axe":3,"minecraft:cooked_salmon":3,"realisticforgingores:raw_iron_ore":328,"minecraft:bone":22,"realisticforgingores:smithing_stone_hammer":2,"realisticforgingores:stickhotrawiron":1,"minecraft:stone_bricks":3,"quality_of_progression:flint_tool":2,"minecraft:wheat_seeds":2,"majruszsdifficulty:tattered_leggings":1,"realistictorches:matchbox":3,"minecraft:stone_pickaxe":7,"minecraft:iron_ingot":10,"minecraft:beef":3,"minecraft:mossy_stone_bricks":1,"minecraft:iron_pickaxe":7,"minecraft:birch_sapling":8,"minecraft:mossy_stone_brick_stairs":1,"minecraft:iron_boots":2,"minecraft:stick":12,"realisticforgingores:big_stone":1,"realisticforgingores:two_sticks":2,"minecraft:gravel":27,"minecraft:diorite":6,"minecraft:white_bed":3,"alexsmobs:animal_dictionary":3,"minecraft:stone_sword":1,"minecraft:arrow":9,"minecraft:rotten_flesh":50,"minecraft:stone_axe":10,"minecraft:golden_hoe":2,"realistictorches:unlit_torch":16,"realistictorches:lit_torch":109,"minecraft:granite":89,"minecraft:bone_meal":4,"minecraft:mutton":2,"minecraft:cod":1,"minecraft:coal":87,"minecraft:white_wool":2,"minecraft:cobblestone":551},"minecraft:custom":{"minecraft:interact_with_furnace":51,"minecraft:mob_kills":13,"minecraft:interact_with_crafting_table":31,"minecraft:leave_game":11,"minecraft:time_since_death":3875,"minecraft:time_since_rest":4292,"minecraft:sprint_one_cm":241839,"minecraft:damage_taken":4543,"minecraft:walk_one_cm":241984,"minecraft:damage_blocked_by_shield":1462,"minecraft:drop":60,"minecraft:damage_dealt":2580,"minecraft:swim_one_cm":120947,"minecraft:fly_one_cm":123062,"minecraft:open_chest":28,"minecraft:crouch_one_cm":10298,"minecraft:play_time":177227,"minecraft:deaths":16,"minecraft:sneak_time":5177,"minecraft:walk_under_water_one_cm":26469,"minecraft:boat_one_cm":31879,"minecraft:jump":1341,"minecraft:walk_on_water_one_cm":46935,"minecraft:total_world_time":177227,"minecraft:fall_one_cm":24283},"minecraft:mined":{"minecraft:white_bed":2,"minecraft:crafting_table":3,"minecraft:granite":48,"minecraft:grass_block":7,"minecraft:copper_ore":19,"realistictorches:torch_wall":4,"minecraft:diorite":3,"minecraft:birch_planks":1,"realistictorches:torch":1,"minecraft:birch_log":22,"minecraft:iron_ore":22,"minecraft:fire":6,"minecraft:andesite":8,"minecraft:birch_leaves":21,"minecraft:stone_brick_stairs":1,"minecraft:mossy_stone_brick_stairs":1,"minecraft:coal_ore":15,"minecraft:gravel":25,"minecraft:dirt":8,"minecraft:cracked_stone_bricks":1,"minecraft:stone":240,"minecraft:stone_bricks":2,"minecraft:mossy_stone_bricks":1,"minecraft:oak_leaves":1}},"DataVersion":3465}