{"stats":{"minecraft:dropped":{"minecraft:iron_ingot":3,"minecraft:birch_planks":12,"minecraft:cobblestone":28,"realistictorches:lit_torch":44,"minecraft:copper_ingot":1,"minecraft:coal":44,"minecraft:flint":1,"realisticforgingores:pan":1,"realisticforgingores:blacksmithstongs":1,"realisticforgingores:panwithmeltedcopper":8,"realisticforgingores:hotrawironore":27,"minecraft:cooked_cod":9,"minecraft:cooked_salmon":3,"minecraft:golden_hoe":1,"realistictorches:unlit_torch":3,"minecraft:iron_axe":2,"minecraft:iron_pickaxe":2,"majruszsdifficulty:tattered_leggings":1,"minecraft:string":1,"minecraft:birch_log":22,"minecraft:bone":4,"realisticforgingores:raw_iron_ore":86,"minecraft:stone_axe":3,"minecraft:rotten_flesh":3,"minecraft:iron_boots":1,"realistictorches:matchbox":2,"realisticforgingores:panwithcopperdust":1,"quality_of_progression:flint_tool":1,"minecraft:shield":2,"minecraft:iron_chestplate":2,"minecraft:golden_leggings":2,"minecraft:birch_door":1,"minecraft:arrow":4,"minecraft:stone_pickaxe":1,"minecraft:nautilus_shell":2},"minecraft:killed":{"minecraft:spider":4,"minecraft:skeleton":8,"minecraft:creeper":2,"minecraft:sheep":2,"minecraft:zombie":10,"minecraft:player":2,"minecraft:enderman":2},"minecraft:used":{"realisticforgingores:big_stone":1,"minecraft:flint_and_steel":1,"minecraft:stone_shovel":3,"minecraft:chest":1,"minecraft:shield":22,"minecraft:rotten_flesh":4,"minecraft:stone_hoe":5,"minecraft:dirt":11,"minecraft:granite":20,"minecraft:birch_door":6,"quality_of_progression:flint_tool":91,"minecraft:iron_axe":3,"realistictorches:lit_torch":15,"minecraft:birch_sapling":4,"minecraft:iron_helmet":3,"minecraft:oak_sapling":2,"minecraft:furnace":4,"minecraft:cobbled_deepslate":5,"minecraft:wheat_seeds":5,"minecraft:diorite":1,"minecraft:birch_planks":1,"minecraft:stone_pickaxe":223,"minecraft:oak_planks":1,"minecraft:wooden_pickaxe":87,"minecraft:crafting_table":1,"minecraft:blast_furnace":1,"minecraft:white_bed":4,"minecraft:iron_pickaxe":191,"quality_of_progression:copper_pickaxe":13,"minecraft:gravel":26,"minecraft:stone_axe":107,"minecraft:cobblestone":98,"minecraft:andesite":4,"minecraft:bone_meal":6,"realistictorches:unlit_torch":7},"minecraft:broken":{"minecraft:wooden_pickaxe":1,"minecraft:stone_pickaxe":1},"minecraft:killed_by":{"minecraft:husk":1,"minecraft:player":1,"minecraft:creeper":2,"minecraft:drowned":7,"minecraft:skeleton":4,"minecraft:zombie":6},"minecraft:picked_up":{"minecraft:iron_chestplate":3,"minecraft:crafting_table":3,"minecraft:birch_door":4,"minecraft:wheat":3,"minecraft:clay_ball":12,"minecraft:golden_shovel":4,"minecraft:stone_brick_stairs":2,"minecraft:shield":15,"minecraft:string":8,"minecraft:iron_axe":3,"minecraft:cooked_salmon":3,"minecraft:flint_and_steel":2,"realisticforgingores:wheatbroom":1,"realisticforgingores:smithing_stone_hammer":5,"minecraft:cobbled_deepslate":24,"realistictorches:matchbox":4,"minecraft:beef":3,"minecraft:iron_nugget":4,"minecraft:iron_pickaxe":10,"minecraft:sugar_cane":1,"minecraft:birch_sapling":8,"minecraft:furnace":1,"minecraft:iron_boots":2,"minecraft:stick":19,"realisticforgingores:big_stone":4,"minecraft:copper_ingot":2,"realisticforgingores:woodpestle":2,"realisticforgingores:two_sticks":2,"minecraft:diorite":6,"quality_of_progression:copper_axe":1,"minecraft:stone_sword":1,"minecraft:arrow":10,"minecraft:stone_shovel":3,"minecraft:rotten_flesh":62,"minecraft:golden_hoe":2,"realistictorches:lit_torch":112,"minecraft:mutton":2,"minecraft:cod":1,"minecraft:white_wool":2,"minecraft:cobblestone":691,"minecraft:birch_log":72,"minecraft:nautilus_shell":3,"minecraft:andesite":28,"minecraft:leather":2,"minecraft:golden_leggings":4,"realisticforgingores:hotrawironore":27,"minecraft:birch_planks":167,"minecraft:flint":8,"realisticforgingores:copperore":176,"minecraft:oak_log":40,"realisticforgingores:blacksmithstongs":4,"minecraft:dirt":30,"realisticforgingores:raw_iron_ore":383,"minecraft:bone":28,"realisticforgingores:stickhotrawiron":1,"quality_of_progression:flint_tool":2,"minecraft:stone_bricks":3,"minecraft:wheat_seeds":9,"majruszsdifficulty:tattered_leggings":1,"realisticforgingores:barshapedmold":4,"minecraft:iron_ingot":30,"minecraft:stone_pickaxe":7,"minecraft:mossy_stone_bricks":1,"minecraft:oak_planks":3,"minecraft:mossy_stone_brick_stairs":1,"quality_of_progression:copper_pickaxe":2,"realisticforgingores:panwithcopperore":1,"realisticforgingores:panwithmeltedcopper":8,"realisticforgingores:pan":4,"minecraft:gravel":33,"minecraft:white_bed":4,"alexsmobs:animal_dictionary":3,"minecraft:stone_axe":12,"realistictorches:unlit_torch":21,"minecraft:iron_helmet":7,"minecraft:granite":101,"minecraft:bone_meal":4,"minecraft:oak_sapling":2,"minecraft:coal":108},"minecraft:crafted":{"minecraft:brick":2,"minecraft:smooth_stone":3,"minecraft:stone_shovel":1,"minecraft:iron_nugget":9,"realisticforgingores:wheatbroom":1,"realisticforgingores:barshapedmold":2,"realisticforgingores:two_sticks":10,"minecraft:birch_slab":6,"minecraft:furnace":4,"minecraft:blast_furnace":1,"minecraft:stone":3,"realisticforgingores:smithing_hammer":1,"realisticforgingores:pan":5,"realistictorches:matchbox":1,"minecraft:flint_and_steel":1,"quality_of_progression:copper_axe":1,"minecraft:iron_axe":1,"realisticforgingores:bigpan":1,"minecraft:stone_pickaxe":3,"minecraft:chest":1,"minecraft:birch_door":3,"minecraft:stone_hoe":1,"realisticforgingores:smithing_stone_hammer":1,"minecraft:cooked_cod":9,"realisticforgingores:woodpestle":1,"minecraft:wooden_pickaxe":1,"quality_of_progression:flint_tool":3,"realisticforgingores:panwithmeltedcopper":9,"minecraft:birch_planks":64,"quality_of_progression:copper_pickaxe":1,"minecraft:stone_axe":3,"minecraft:air":0,"realisticforgingores:hotrawironore":31,"minecraft:paper":3,"minecraft:shield":2,"realisticforgingores:blacksmithstongs":1,"minecraft:stick":60,"minecraft:iron_pickaxe":1,"realistictorches:lit_torch":3},"minecraft:custom":{"minecraft:mob_kills":14,"minecraft:interact_with_crafting_table":58,"minecraft:leave_game":16,"minecraft:time_since_death":0,"minecraft:walk_one_cm":436318,"minecraft:sprint_one_cm":318681,"minecraft:damage_blocked_by_shield":1650,"minecraft:drop":96,"minecraft:play_time":295985,"minecraft:sneak_time":6193,"minecraft:deaths":24,"minecraft:walk_under_water_one_cm":53489,"minecraft:boat_one_cm":64558,"minecraft:jump":1739,"minecraft:interact_with_blast_furnace":27,"minecraft:walk_on_water_one_cm":65021,"minecraft:total_world_time":295985,"minecraft:interact_with_furnace":140,"minecraft:sleep_in_bed":3,"minecraft:time_since_rest":381,"minecraft:damage_taken":6562,"minecraft:damage_dealt":2913,"minecraft:player_kills":1,"minecraft:swim_one_cm":162383,"minecraft:fly_one_cm":152188,"minecraft:open_chest":119,"minecraft:crouch_one_cm":11608,"minecraft:fall_one_cm":31594},"minecraft:mined":{"minecraft:white_bed":3,"minecraft:granite":59,"minecraft:grass_block":8,"realistictorches:torch":2,"minecraft:furnace":1,"minecraft:iron_ore":22,"minecraft:fire":6,"minecraft:andesite":8,"minecraft:mossy_stone_brick_stairs":1,"minecraft:stone":292,"minecraft:clay":3,"minecraft:crafting_table":3,"minecraft:copper_ore":24,"minecraft:cobblestone":12,"realistictorches:torch_wall":6,"minecraft:sugar_cane":1,"minecraft:oak_planks":4,"minecraft:diorite":3,"minecraft:birch_planks":3,"minecraft:birch_log":22,"minecraft:wheat":3,"minecraft:birch_leaves":21,"minecraft:birch_door":2,"minecraft:stone_brick_stairs":1,"minecraft:oak_log":40,"minecraft:coal_ore":15,"minecraft:gravel":29,"minecraft:dirt":9,"minecraft:cracked_stone_bricks":1,"minecraft:stone_bricks":2,"minecraft:mossy_stone_bricks":1,"minecraft:oak_leaves":28,"minecraft:deepslate":12}},"DataVersion":3465}