{"stats":{"minecraft:dropped":{"minecraft:iron_ingot":3,"minecraft:birch_planks":12,"minecraft:cobblestone":28,"realistictorches:lit_torch":44,"minecraft:copper_ingot":1,"minecraft:coal":44,"minecraft:flint":1,"realisticforgingores:blacksmithstongs":1,"realisticforgingores:panwithmeltedcopper":8,"realisticforgingores:hotrawironore":26,"minecraft:cooked_cod":9,"minecraft:cooked_salmon":3,"minecraft:golden_hoe":1,"realistictorches:unlit_torch":3,"minecraft:iron_axe":2,"minecraft:iron_pickaxe":2,"majruszsdifficulty:tattered_leggings":1,"minecraft:string":1,"minecraft:birch_log":22,"minecraft:bone":4,"realisticforgingores:raw_iron_ore":86,"minecraft:stone_axe":3,"minecraft:rotten_flesh":3,"minecraft:iron_boots":1,"realistictorches:matchbox":2,"realisticforgingores:panwithcopperdust":1,"quality_of_progression:flint_tool":1,"minecraft:shield":2,"minecraft:iron_chestplate":2,"minecraft:birch_door":1,"minecraft:golden_leggings":2,"minecraft:arrow":4,"minecraft:stone_pickaxe":1,"minecraft:nautilus_shell":2},"minecraft:killed":{"minecraft:spider":4,"minecraft:skeleton":8,"minecraft:creeper":2,"minecraft:sheep":2,"minecraft:zombie":10,"minecraft:player":2,"minecraft:enderman":2},"minecraft:used":{"realisticforgingores:big_stone":1,"minecraft:stone_shovel":3,"minecraft:chest":1,"minecraft:shield":22,"minecraft:rotten_flesh":4,"minecraft:dirt":9,"minecraft:granite":20,"minecraft:birch_door":5,"quality_of_progression:flint_tool":91,"minecraft:iron_axe":3,"realistictorches:lit_torch":15,"minecraft:birch_sapling":4,"minecraft:iron_helmet":3,"minecraft:oak_sapling":2,"minecraft:furnace":4,"minecraft:cobbled_deepslate":2,"minecraft:diorite":1,"minecraft:birch_planks":1,"minecraft:stone_pickaxe":223,"minecraft:oak_planks":1,"minecraft:wooden_pickaxe":87,"minecraft:crafting_table":1,"minecraft:blast_furnace":1,"minecraft:white_bed":4,"minecraft:iron_pickaxe":191,"quality_of_progression:copper_pickaxe":13,"minecraft:gravel":26,"minecraft:stone_axe":107,"minecraft:cobblestone":97,"minecraft:andesite":4,"realistictorches:unlit_torch":3},"minecraft:broken":{"minecraft:wooden_pickaxe":1,"minecraft:stone_pickaxe":1},"minecraft:killed_by":{"minecraft:husk":1,"minecraft:player":1,"minecraft:creeper":2,"minecraft:drowned":5,"minecraft:skeleton":4,"minecraft:zombie":5},"minecraft:picked_up":{"minecraft:crafting_table":3,"minecraft:iron_chestplate":3,"minecraft:birch_door":3,"minecraft:clay_ball":12,"minecraft:golden_shovel":4,"minecraft:stone_brick_stairs":2,"minecraft:shield":15,"minecraft:string":8,"minecraft:iron_axe":3,"minecraft:cooked_salmon":3,"realisticforgingores:smithing_stone_hammer":5,"minecraft:cobbled_deepslate":12,"realistictorches:matchbox":3,"minecraft:beef":3,"minecraft:iron_pickaxe":9,"minecraft:birch_sapling":8,"minecraft:furnace":1,"minecraft:iron_boots":2,"minecraft:stick":15,"realisticforgingores:big_stone":4,"realisticforgingores:woodpestle":1,"realisticforgingores:two_sticks":2,"minecraft:diorite":6,"minecraft:stone_shovel":1,"minecraft:stone_sword":1,"minecraft:arrow":10,"minecraft:rotten_flesh":62,"minecraft:golden_hoe":2,"realistictorches:lit_torch":109,"minecraft:mutton":2,"minecraft:cod":1,"minecraft:white_wool":2,"minecraft:cobblestone":691,"minecraft:birch_log":72,"minecraft:nautilus_shell":3,"minecraft:andesite":28,"minecraft:leather":2,"minecraft:golden_leggings":3,"realisticforgingores:hotrawironore":26,"minecraft:birch_planks":108,"minecraft:flint":7,"realisticforgingores:copperore":152,"minecraft:oak_log":40,"realisticforgingores:blacksmithstongs":3,"minecraft:dirt":30,"realisticforgingores:raw_iron_ore":383,"minecraft:bone":28,"realisticforgingores:stickhotrawiron":1,"minecraft:stone_bricks":3,"quality_of_progression:flint_tool":2,"minecraft:wheat_seeds":2,"majruszsdifficulty:tattered_leggings":1,"realisticforgingores:barshapedmold":2,"minecraft:stone_pickaxe":7,"minecraft:iron_ingot":25,"minecraft:mossy_stone_bricks":1,"minecraft:oak_planks":3,"minecraft:mossy_stone_brick_stairs":1,"realisticforgingores:panwithcopperore":1,"realisticforgingores:panwithmeltedcopper":8,"minecraft:gravel":27,"minecraft:white_bed":4,"alexsmobs:animal_dictionary":3,"minecraft:stone_axe":11,"realistictorches:unlit_torch":18,"minecraft:iron_helmet":5,"minecraft:granite":101,"minecraft:bone_meal":4,"minecraft:oak_sapling":2,"minecraft:coal":108},"minecraft:crafted":{"minecraft:brick":2,"minecraft:smooth_stone":3,"minecraft:stone_shovel":1,"minecraft:iron_nugget":9,"realisticforgingores:barshapedmold":2,"realisticforgingores:two_sticks":10,"minecraft:furnace":4,"minecraft:blast_furnace":1,"minecraft:stone":3,"realisticforgingores:pan":5,"quality_of_progression:copper_axe":1,"minecraft:iron_axe":1,"realisticforgingores:bigpan":1,"minecraft:stone_pickaxe":3,"minecraft:chest":1,"minecraft:birch_door":3,"realisticforgingores:smithing_stone_hammer":1,"minecraft:cooked_cod":9,"realisticforgingores:woodpestle":1,"minecraft:wooden_pickaxe":1,"quality_of_progression:flint_tool":3,"realisticforgingores:panwithmeltedcopper":9,"quality_of_progression:copper_pickaxe":1,"minecraft:birch_planks":64,"minecraft:stone_axe":3,"minecraft:air":0,"realisticforgingores:hotrawironore":30,"minecraft:shield":2,"realisticforgingores:blacksmithstongs":1,"minecraft:stick":52,"minecraft:iron_pickaxe":1},"minecraft:custom":{"minecraft:mob_kills":14,"minecraft:interact_with_crafting_table":46,"minecraft:leave_game":13,"minecraft:time_since_death":25705,"minecraft:sprint_one_cm":307619,"minecraft:walk_one_cm":390074,"minecraft:damage_blocked_by_shield":1650,"minecraft:drop":94,"minecraft:play_time":266054,"minecraft:deaths":21,"minecraft:sneak_time":6094,"minecraft:walk_under_water_one_cm":46676,"minecraft:boat_one_cm":64558,"minecraft:jump":1646,"minecraft:interact_with_blast_furnace":27,"minecraft:walk_on_water_one_cm":63744,"minecraft:total_world_time":266054,"minecraft:interact_with_furnace":132,"minecraft:sleep_in_bed":1,"minecraft:time_since_rest":25742,"minecraft:damage_taken":5941,"minecraft:damage_dealt":2904,"minecraft:swim_one_cm":150523,"minecraft:fly_one_cm":150042,"minecraft:player_kills":1,"minecraft:open_chest":98,"minecraft:crouch_one_cm":11570,"minecraft:fall_one_cm":31594},"minecraft:mined":{"minecraft:white_bed":3,"minecraft:granite":59,"minecraft:grass_block":8,"realistictorches:torch":1,"minecraft:furnace":1,"minecraft:iron_ore":22,"minecraft:fire":6,"minecraft:andesite":8,"minecraft:mossy_stone_brick_stairs":1,"minecraft:stone":292,"minecraft:clay":3,"minecraft:crafting_table":3,"minecraft:copper_ore":24,"minecraft:cobblestone":12,"realistictorches:torch_wall":4,"minecraft:oak_planks":4,"minecraft:diorite":3,"minecraft:birch_planks":3,"minecraft:birch_log":22,"minecraft:birch_leaves":21,"minecraft:birch_door":2,"minecraft:stone_brick_stairs":1,"minecraft:oak_log":40,"minecraft:coal_ore":15,"minecraft:gravel":25,"minecraft:dirt":9,"minecraft:cracked_stone_bricks":1,"minecraft:stone_bricks":2,"minecraft:mossy_stone_bricks":1,"minecraft:oak_leaves":28,"minecraft:deepslate":12}},"DataVersion":3465}