{"stats":{"minecraft:dropped":{"minecraft:stone_axe":2,"minecraft:rotten_flesh":2,"minecraft:golden_hoe":1,"minecraft:stone_pickaxe":1,"quality_of_progression:flint_tool":1},"minecraft:killed":{"minecraft:sheep":2,"minecraft:zombie":2,"minecraft:spider":4,"minecraft:enderman":2},"minecraft:used":{"quality_of_progression:flint_tool":15,"minecraft:stone_pickaxe":194,"minecraft:birch_sapling":4,"minecraft:wooden_pickaxe":34,"minecraft:gravel":20,"minecraft:stone_axe":34,"minecraft:dirt":4,"minecraft:crafting_table":1,"minecraft:furnace":1,"minecraft:andesite":4},"minecraft:broken":{"minecraft:stone_pickaxe":1},"minecraft:crafted":{"minecraft:stick":16,"quality_of_progression:flint_tool":2,"minecraft:wooden_pickaxe":1,"minecraft:stone_pickaxe":2,"minecraft:furnace":1,"minecraft:birch_planks":28,"minecraft:stone_axe":2},"minecraft:killed_by":{"minecraft:drowned":1,"minecraft:skeleton":3,"minecraft:creeper":1,"minecraft:zombie":2},"minecraft:picked_up":{"minecraft:birch_log":30,"minecraft:stick":6,"minecraft:crafting_table":3,"realisticforgingores:big_stone":1,"minecraft:andesite":28,"minecraft:leather":2,"minecraft:gravel":21,"minecraft:birch_planks":8,"minecraft:golden_shovel":1,"minecraft:flint":4,"realisticforgingores:copperore":66,"minecraft:diorite":5,"minecraft:dirt":22,"alexsmobs:animal_dictionary":3,"minecraft:stone_sword":1,"minecraft:rotten_flesh":4,"minecraft:stone_axe":3,"minecraft:wheat_seeds":2,"minecraft:golden_hoe":2,"minecraft:beef":3,"minecraft:granite":27,"minecraft:stone_pickaxe":5,"minecraft:bone_meal":4,"minecraft:birch_sapling":8,"minecraft:mutton":2,"minecraft:coal":21,"minecraft:cod":1,"minecraft:white_wool":2,"minecraft:cobblestone":159},"minecraft:custom":{"minecraft:time_since_rest":3558,"minecraft:sprint_one_cm":100504,"minecraft:interact_with_furnace":3,"minecraft:damage_taken":1911,"minecraft:walk_one_cm":68362,"minecraft:mob_kills":5,"minecraft:drop":7,"minecraft:damage_dealt":787,"minecraft:swim_one_cm":9954,"minecraft:interact_with_crafting_table":18,"minecraft:fly_one_cm":53851,"minecraft:open_chest":1,"minecraft:play_time":54993,"minecraft:crouch_one_cm":4721,"minecraft:deaths":7,"minecraft:sneak_time":2371,"minecraft:walk_under_water_one_cm":586,"minecraft:jump":575,"minecraft:leave_game":4,"minecraft:walk_on_water_one_cm":1847,"minecraft:time_since_death":3502,"minecraft:total_world_time":54993,"minecraft:fall_one_cm":14332},"minecraft:mined":{"minecraft:birch_planks":1,"minecraft:birch_log":13,"minecraft:birch_leaves":8,"minecraft:andesite":8,"minecraft:crafting_table":3,"minecraft:granite":27,"minecraft:grass_block":4,"minecraft:coal_ore":15,"minecraft:gravel":18,"minecraft:dirt":8,"minecraft:copper_ore":15,"minecraft:stone":150,"minecraft:diorite":2}},"DataVersion":3465}