{"stats":{"minecraft:dropped":{"minecraft:stone_axe":2,"minecraft:rotten_flesh":2,"quality_of_progression:flint_tool":1,"minecraft:golden_hoe":1,"minecraft:stone_pickaxe":1},"minecraft:killed":{"minecraft:spider":4,"minecraft:sheep":2,"minecraft:zombie":2,"minecraft:enderman":2},"minecraft:used":{"minecraft:stone_pickaxe":194,"minecraft:wooden_pickaxe":87,"minecraft:rotten_flesh":2,"minecraft:dirt":6,"minecraft:crafting_table":1,"quality_of_progression:flint_tool":18,"minecraft:birch_sapling":4,"minecraft:gravel":26,"minecraft:stone_axe":34,"minecraft:furnace":1,"minecraft:andesite":4},"minecraft:broken":{"minecraft:stone_pickaxe":1,"minecraft:wooden_pickaxe":1},"minecraft:crafted":{"quality_of_progression:flint_tool":3,"minecraft:wooden_pickaxe":1,"minecraft:furnace":1,"minecraft:birch_planks":28,"minecraft:stone_axe":2,"minecraft:stick":16,"minecraft:stone_pickaxe":2},"minecraft:killed_by":{"minecraft:player":1,"minecraft:skeleton":4,"minecraft:creeper":1,"minecraft:zombie":2,"minecraft:drowned":1},"minecraft:picked_up":{"minecraft:birch_log":32,"minecraft:crafting_table":3,"minecraft:andesite":28,"minecraft:leather":2,"minecraft:birch_planks":9,"minecraft:golden_shovel":1,"minecraft:flint":5,"minecraft:stone_brick_stairs":2,"realisticforgingores:copperore":66,"minecraft:dirt":24,"minecraft:string":2,"minecraft:stone_bricks":3,"minecraft:wheat_seeds":2,"minecraft:stone_pickaxe":5,"minecraft:beef":3,"minecraft:mossy_stone_bricks":1,"minecraft:birch_sapling":8,"minecraft:mossy_stone_brick_stairs":1,"minecraft:stick":8,"realisticforgingores:big_stone":1,"minecraft:gravel":27,"minecraft:diorite":5,"alexsmobs:animal_dictionary":3,"minecraft:stone_sword":1,"minecraft:rotten_flesh":11,"minecraft:stone_axe":3,"minecraft:golden_hoe":2,"minecraft:granite":27,"minecraft:bone_meal":4,"minecraft:cod":1,"minecraft:mutton":2,"minecraft:coal":21,"minecraft:white_wool":2,"minecraft:cobblestone":160},"minecraft:custom":{"minecraft:interact_with_furnace":3,"minecraft:mob_kills":5,"minecraft:interact_with_crafting_table":18,"minecraft:leave_game":5,"minecraft:time_since_death":5398,"minecraft:time_since_rest":5431,"minecraft:sprint_one_cm":141916,"minecraft:damage_taken":2379,"minecraft:walk_one_cm":81231,"minecraft:drop":7,"minecraft:damage_dealt":982,"minecraft:swim_one_cm":29527,"minecraft:fly_one_cm":80147,"minecraft:open_chest":4,"minecraft:crouch_one_cm":5358,"minecraft:play_time":67399,"minecraft:deaths":9,"minecraft:sneak_time":2686,"minecraft:walk_under_water_one_cm":3788,"minecraft:jump":824,"minecraft:walk_on_water_one_cm":4812,"minecraft:total_world_time":67399,"minecraft:fall_one_cm":15557},"minecraft:mined":{"minecraft:crafting_table":3,"minecraft:granite":27,"minecraft:grass_block":6,"minecraft:copper_ore":15,"minecraft:diorite":2,"minecraft:birch_planks":1,"minecraft:birch_log":15,"minecraft:andesite":8,"minecraft:birch_leaves":20,"minecraft:stone_brick_stairs":1,"minecraft:mossy_stone_brick_stairs":1,"minecraft:coal_ore":15,"minecraft:gravel":25,"minecraft:dirt":8,"minecraft:cracked_stone_bricks":1,"minecraft:stone":151,"minecraft:stone_bricks":2,"minecraft:mossy_stone_bricks":1,"minecraft:oak_leaves":1}},"DataVersion":3465}