{"stats":{"minecraft:dropped":{"minecraft:iron_ingot":3,"minecraft:birch_planks":12,"minecraft:cobblestone":27,"realistictorches:lit_torch":44,"minecraft:coal":44,"minecraft:flint":1,"realisticforgingores:blacksmithstongs":1,"realisticforgingores:hotrawironore":13,"minecraft:cooked_salmon":3,"minecraft:golden_hoe":1,"realistictorches:unlit_torch":3,"minecraft:iron_axe":2,"minecraft:iron_pickaxe":2,"majruszsdifficulty:tattered_leggings":1,"minecraft:string":1,"minecraft:birch_log":22,"minecraft:bone":4,"realisticforgingores:raw_iron_ore":86,"minecraft:stone_axe":3,"minecraft:rotten_flesh":3,"minecraft:iron_boots":1,"realistictorches:matchbox":2,"quality_of_progression:flint_tool":1,"minecraft:shield":2,"minecraft:iron_chestplate":2,"minecraft:golden_leggings":2,"minecraft:arrow":4,"minecraft:stone_pickaxe":1,"minecraft:nautilus_shell":2},"minecraft:killed":{"minecraft:spider":4,"minecraft:skeleton":8,"minecraft:creeper":2,"minecraft:sheep":2,"minecraft:zombie":10,"minecraft:player":2,"minecraft:enderman":2},"minecraft:used":{"minecraft:chest":1,"minecraft:shield":20,"minecraft:rotten_flesh":4,"minecraft:dirt":7,"minecraft:granite":20,"minecraft:birch_door":1,"quality_of_progression:flint_tool":91,"realistictorches:lit_torch":15,"minecraft:iron_axe":3,"minecraft:birch_sapling":4,"minecraft:iron_helmet":1,"minecraft:oak_sapling":2,"minecraft:furnace":1,"minecraft:diorite":1,"minecraft:birch_planks":1,"minecraft:stone_pickaxe":223,"minecraft:wooden_pickaxe":87,"minecraft:crafting_table":1,"minecraft:white_bed":4,"minecraft:iron_pickaxe":159,"minecraft:gravel":26,"minecraft:stone_axe":97,"minecraft:cobblestone":61,"minecraft:andesite":4,"realistictorches:unlit_torch":3},"minecraft:broken":{"minecraft:wooden_pickaxe":1,"minecraft:stone_pickaxe":1},"minecraft:crafted":{"realisticforgingores:two_sticks":10,"minecraft:furnace":1,"minecraft:iron_axe":1,"minecraft:stone_pickaxe":3,"minecraft:chest":1,"quality_of_progression:flint_tool":3,"minecraft:wooden_pickaxe":1,"minecraft:birch_planks":64,"minecraft:stone_axe":3,"realisticforgingores:hotrawironore":12,"minecraft:shield":2,"realisticforgingores:blacksmithstongs":1,"minecraft:stick":44,"minecraft:iron_pickaxe":1},"minecraft:killed_by":{"minecraft:husk":1,"minecraft:player":1,"minecraft:creeper":2,"minecraft:drowned":2,"minecraft:skeleton":4,"minecraft:zombie":5},"minecraft:picked_up":{"minecraft:crafting_table":3,"minecraft:birch_door":1,"minecraft:iron_chestplate":3,"minecraft:golden_shovel":4,"minecraft:stone_brick_stairs":2,"minecraft:shield":14,"minecraft:string":8,"minecraft:cooked_salmon":3,"minecraft:iron_axe":3,"realisticforgingores:smithing_stone_hammer":2,"realistictorches:matchbox":3,"minecraft:beef":3,"minecraft:iron_pickaxe":8,"minecraft:birch_sapling":8,"minecraft:iron_boots":2,"minecraft:stick":14,"realisticforgingores:big_stone":1,"realisticforgingores:two_sticks":2,"minecraft:diorite":6,"minecraft:stone_sword":1,"minecraft:arrow":10,"minecraft:rotten_flesh":60,"minecraft:golden_hoe":2,"realistictorches:lit_torch":109,"minecraft:mutton":2,"minecraft:cod":1,"minecraft:white_wool":2,"minecraft:cobblestone":650,"minecraft:nautilus_shell":3,"minecraft:birch_log":72,"minecraft:andesite":28,"minecraft:leather":2,"minecraft:golden_leggings":3,"realisticforgingores:hotrawironore":13,"minecraft:birch_planks":105,"minecraft:flint":7,"realisticforgingores:copperore":88,"minecraft:oak_log":40,"realisticforgingores:blacksmithstongs":1,"minecraft:dirt":28,"realisticforgingores:raw_iron_ore":383,"minecraft:bone":28,"realisticforgingores:stickhotrawiron":1,"quality_of_progression:flint_tool":2,"minecraft:stone_bricks":3,"minecraft:wheat_seeds":2,"majruszsdifficulty:tattered_leggings":1,"minecraft:iron_ingot":10,"minecraft:stone_pickaxe":7,"minecraft:mossy_stone_bricks":1,"minecraft:mossy_stone_brick_stairs":1,"minecraft:gravel":27,"minecraft:white_bed":4,"alexsmobs:animal_dictionary":3,"minecraft:stone_axe":11,"realistictorches:unlit_torch":18,"minecraft:iron_helmet":1,"minecraft:granite":101,"minecraft:bone_meal":4,"minecraft:oak_sapling":2,"minecraft:coal":87},"minecraft:custom":{"minecraft:mob_kills":14,"minecraft:interact_with_crafting_table":31,"minecraft:leave_game":11,"minecraft:time_since_death":11921,"minecraft:sprint_one_cm":269725,"minecraft:walk_one_cm":271601,"minecraft:damage_blocked_by_shield":1462,"minecraft:drop":60,"minecraft:play_time":189227,"minecraft:deaths":17,"minecraft:sneak_time":5420,"minecraft:walk_under_water_one_cm":29989,"minecraft:boat_one_cm":64558,"minecraft:jump":1506,"minecraft:walk_on_water_one_cm":49683,"minecraft:total_world_time":189227,"minecraft:interact_with_furnace":52,"minecraft:time_since_rest":11982,"minecraft:damage_taken":4757,"minecraft:damage_dealt":2751,"minecraft:swim_one_cm":122033,"minecraft:fly_one_cm":139900,"minecraft:player_kills":1,"minecraft:open_chest":33,"minecraft:crouch_one_cm":10836,"minecraft:fall_one_cm":30019},"minecraft:mined":{"minecraft:white_bed":3,"minecraft:granite":59,"minecraft:grass_block":7,"realistictorches:torch":1,"minecraft:iron_ore":22,"minecraft:fire":6,"minecraft:andesite":8,"minecraft:mossy_stone_brick_stairs":1,"minecraft:stone":274,"minecraft:crafting_table":3,"minecraft:copper_ore":19,"minecraft:cobblestone":3,"realistictorches:torch_wall":4,"minecraft:diorite":3,"minecraft:birch_planks":1,"minecraft:birch_log":22,"minecraft:birch_leaves":21,"minecraft:stone_brick_stairs":1,"minecraft:coal_ore":15,"minecraft:oak_log":40,"minecraft:gravel":25,"minecraft:dirt":8,"minecraft:cracked_stone_bricks":1,"minecraft:stone_bricks":2,"minecraft:mossy_stone_bricks":1,"minecraft:oak_leaves":28}},"DataVersion":3465}