{"stats":{"minecraft:dropped":{"minecraft:stone_axe":2,"minecraft:rotten_flesh":2,"quality_of_progression:flint_tool":1,"realisticforgingores:hotrawironore":10,"minecraft:golden_hoe":1,"minecraft:stone_pickaxe":1},"minecraft:killed":{"minecraft:spider":4,"minecraft:sheep":2,"minecraft:zombie":2,"minecraft:enderman":2},"minecraft:used":{"minecraft:birch_planks":1,"minecraft:stone_pickaxe":223,"minecraft:chest":1,"minecraft:wooden_pickaxe":87,"minecraft:rotten_flesh":2,"minecraft:dirt":7,"minecraft:crafting_table":1,"minecraft:white_bed":1,"minecraft:birch_door":1,"quality_of_progression:flint_tool":26,"minecraft:birch_sapling":4,"minecraft:iron_pickaxe":7,"minecraft:gravel":26,"minecraft:stone_axe":40,"minecraft:cobblestone":8,"minecraft:furnace":1,"minecraft:andesite":4,"realistictorches:unlit_torch":3},"minecraft:broken":{"minecraft:stone_pickaxe":1,"minecraft:wooden_pickaxe":1},"minecraft:crafted":{"quality_of_progression:flint_tool":3,"minecraft:wooden_pickaxe":1,"realisticforgingores:two_sticks":8,"minecraft:furnace":1,"minecraft:birch_planks":64,"minecraft:stone_axe":3,"realisticforgingores:hotrawironore":9,"minecraft:shield":1,"minecraft:iron_axe":1,"minecraft:stick":40,"minecraft:iron_pickaxe":1,"minecraft:stone_pickaxe":3,"minecraft:chest":1},"minecraft:killed_by":{"minecraft:player":1,"minecraft:skeleton":4,"minecraft:creeper":1,"minecraft:zombie":2,"minecraft:drowned":2},"minecraft:picked_up":{"minecraft:birch_log":39,"minecraft:birch_door":1,"minecraft:crafting_table":3,"minecraft:andesite":28,"minecraft:leather":2,"realisticforgingores:hotrawironore":10,"minecraft:birch_planks":42,"minecraft:golden_shovel":4,"minecraft:flint":5,"minecraft:stone_brick_stairs":2,"realisticforgingores:copperore":73,"minecraft:dirt":26,"minecraft:string":2,"realisticforgingores:raw_iron_ore":2,"realisticforgingores:smithing_stone_hammer":2,"minecraft:stone_bricks":3,"quality_of_progression:flint_tool":2,"minecraft:wheat_seeds":2,"minecraft:stone_pickaxe":7,"minecraft:iron_ingot":4,"minecraft:beef":3,"minecraft:mossy_stone_bricks":1,"minecraft:birch_sapling":8,"minecraft:mossy_stone_brick_stairs":1,"minecraft:stick":12,"realisticforgingores:big_stone":1,"minecraft:gravel":27,"minecraft:diorite":5,"minecraft:white_bed":1,"alexsmobs:animal_dictionary":3,"minecraft:stone_sword":1,"minecraft:rotten_flesh":11,"minecraft:stone_axe":5,"minecraft:golden_hoe":2,"realistictorches:unlit_torch":4,"minecraft:granite":27,"minecraft:bone_meal":4,"minecraft:mutton":2,"minecraft:cod":1,"minecraft:coal":21,"minecraft:white_wool":2,"minecraft:cobblestone":231},"minecraft:custom":{"minecraft:interact_with_furnace":40,"minecraft:mob_kills":5,"minecraft:interact_with_crafting_table":28,"minecraft:leave_game":10,"minecraft:time_since_death":30537,"minecraft:time_since_rest":30583,"minecraft:sprint_one_cm":168367,"minecraft:damage_taken":3081,"minecraft:walk_one_cm":151833,"minecraft:drop":17,"minecraft:damage_dealt":992,"minecraft:swim_one_cm":42260,"minecraft:fly_one_cm":90051,"minecraft:open_chest":10,"minecraft:crouch_one_cm":5854,"minecraft:play_time":128046,"minecraft:deaths":11,"minecraft:sneak_time":3161,"minecraft:walk_under_water_one_cm":9297,"minecraft:jump":986,"minecraft:walk_on_water_one_cm":18378,"minecraft:total_world_time":128046,"minecraft:fall_one_cm":16929},"minecraft:mined":{"minecraft:crafting_table":3,"minecraft:granite":27,"minecraft:grass_block":7,"minecraft:copper_ore":18,"realistictorches:torch_wall":4,"minecraft:diorite":2,"minecraft:birch_planks":1,"realistictorches:torch":1,"minecraft:birch_log":22,"minecraft:iron_ore":1,"minecraft:fire":6,"minecraft:andesite":8,"minecraft:birch_leaves":21,"minecraft:stone_brick_stairs":1,"minecraft:mossy_stone_brick_stairs":1,"minecraft:coal_ore":15,"minecraft:gravel":25,"minecraft:dirt":8,"minecraft:cracked_stone_bricks":1,"minecraft:stone":181,"minecraft:stone_bricks":2,"minecraft:mossy_stone_bricks":1,"minecraft:oak_leaves":1}},"DataVersion":3465}