{"stats":{"minecraft:dropped":{"minecraft:birch_planks":7,"minecraft:wheat_seeds":3,"minecraft:golden_helmet":1,"minecraft:cobblestone":32,"minecraft:mossy_stone_brick_stairs":4,"minecraft:cracked_stone_bricks":7,"minecraft:coal":18,"realisticforgingores:cleanedironore":57,"minecraft:dirt":3,"minecraft:dead_bush":1,"realistictorches:unlit_torch":1,"minecraft:iron_shovel":1,"realisticforgingores:stickhotrawiron":1,"minecraft:birch_log":4,"minecraft:bone":4,"minecraft:stone_axe":4,"minecraft:sugar_cane":3,"minecraft:stone_sword":2,"minecraft:birch_sapling":6,"minecraft:rotten_flesh":3,"realisticforgingores:copperore":116,"minecraft:flower_pot":1,"realisticforgingores:smithing_stone_hammer":1,"minecraft:andesite":13,"minecraft:golden_leggings":1,"minecraft:bow":1,"minecraft:stone_pickaxe":2},"minecraft:killed":{"minecraft:spider":4,"minecraft:phantom":2,"minecraft:skeleton":8,"minecraft:guardian":2,"minecraft:drowned":4,"minecraft:sheep":2,"alexsmobs:catfish":2,"minecraft:zombie":32,"alexsmobs:terrapin":2,"minecraft:player":2,"minecraft:cow":8},"minecraft:used":{"minecraft:stone_sword":134,"minecraft:shield":5,"minecraft:rotten_flesh":15,"minecraft:dirt":6,"minecraft:mutton":2,"minecraft:golden_shovel":4,"minecraft:granite":2,"quality_of_progression:flint_tool":12,"minecraft:stone_brick_slab":1,"minecraft:birch_sapling":5,"minecraft:beef":8,"minecraft:oak_sapling":1,"minecraft:furnace":2,"minecraft:diorite":2,"minecraft:birch_planks":44,"minecraft:stone_pickaxe":83,"minecraft:wooden_pickaxe":8,"minecraft:mossy_stone_brick_stairs":5,"minecraft:golden_hoe":2,"minecraft:crafting_table":4,"minecraft:cod":1,"minecraft:flower_pot":2,"minecraft:gravel":1,"minecraft:stone_axe":25,"minecraft:cobblestone":21,"minecraft:andesite":4,"realistictorches:unlit_torch":1},"minecraft:broken":{"minecraft:stone_sword":1},"minecraft:killed_by":{"minecraft:stray":1,"minecraft:creeper":1,"minecraft:spider":3,"minecraft:enderman":1,"minecraft:skeleton":4,"minecraft:zombie":5,"alexsmobs:grizzly_bear":1},"minecraft:crafted":{"minecraft:oak_planks":8,"realisticforgingores:two_sticks":1,"minecraft:stone_pickaxe":2,"minecraft:crafting_table":1,"minecraft:wooden_pickaxe":1,"minecraft:birch_planks":108,"minecraft:stone_axe":1,"minecraft:shield":1,"minecraft:stick":16,"minecraft:stone_sword":2},"minecraft:picked_up":{"minecraft:crafting_table":4,"minecraft:flower_pot":4,"minecraft:golden_shovel":10,"minecraft:stone_brick_stairs":17,"minecraft:music_disc_cat":6,"minecraft:string":121,"minecraft:iron_shovel":1,"realisticforgingores:smithing_stone_hammer":5,"minecraft:cracked_stone_bricks":13,"minecraft:candle":28,"minecraft:beef":20,"minecraft:rose_bush":1,"minecraft:sugar_cane":9,"minecraft:birch_sapling":11,"minecraft:furnace":3,"minecraft:golden_helmet":1,"minecraft:stick":7,"realisticforgingores:big_stone":4,"realisticforgingores:two_sticks":5,"minecraft:diorite":14,"minecraft:stone_sword":15,"minecraft:arrow":37,"minecraft:rotten_flesh":30,"minecraft:golden_hoe":13,"minecraft:saddle":6,"minecraft:mutton":2,"minecraft:cod":1,"minecraft:white_wool":1,"minecraft:cobblestone":140,"minecraft:birch_log":26,"minecraft:oxidized_copper":21,"minecraft:andesite":35,"minecraft:leather":20,"minecraft:golden_leggings":2,"minecraft:birch_planks":419,"minecraft:flint":13,"realisticforgingores:copperore":189,"minecraft:oak_log":2,"minecraft:gunpowder":5,"minecraft:dirt":52,"minecraft:bone":43,"realisticforgingores:stickhotrawiron":1,"quality_of_progression:flint_tool":3,"minecraft:stone_bricks":49,"minecraft:bow":1,"minecraft:wheat_seeds":5,"minecraft:iron_ingot":4,"minecraft:stone_pickaxe":16,"minecraft:mossy_stone_bricks":2,"minecraft:oxidized_cut_copper":4,"minecraft:mossy_stone_brick_stairs":15,"minecraft:stone_brick_slab":3,"minecraft:gravel":4,"minecraft:dead_bush":5,"alexsmobs:animal_dictionary":8,"alexsmobs:raw_catfish":1,"minecraft:polished_andesite":6,"realisticforgingores:cleanedironore":57,"minecraft:stone_axe":9,"realistictorches:unlit_torch":7,"minecraft:granite":2,"minecraft:bone_meal":8,"minecraft:oak_sapling":2,"minecraft:melon_seeds":12,"minecraft:coal":258},"minecraft:custom":{"minecraft:mob_kills":33,"minecraft:interact_with_crafting_table":18,"minecraft:leave_game":1,"minecraft:time_since_death":6433,"minecraft:climb_one_cm":322,"minecraft:sprint_one_cm":444621,"minecraft:walk_one_cm":275395,"minecraft:damage_blocked_by_shield":300,"minecraft:drop":70,"minecraft:play_time":98595,"minecraft:deaths":17,"minecraft:sneak_time":6485,"minecraft:walk_under_water_one_cm":12798,"minecraft:jump":1983,"minecraft:walk_on_water_one_cm":20029,"minecraft:total_world_time":98595,"minecraft:interact_with_furnace":4,"minecraft:sleep_in_bed":2,"minecraft:time_since_rest":6459,"minecraft:damage_taken":4843,"minecraft:damage_dealt":5888,"minecraft:swim_one_cm":29509,"minecraft:fly_one_cm":175261,"minecraft:player_kills":1,"minecraft:open_chest":4,"minecraft:crouch_one_cm":10776,"minecraft:fall_one_cm":38736},"minecraft:mined":{"minecraft:candle":2,"minecraft:potted_dead_bush":2,"minecraft:grass_block":7,"realistictorches:torch":1,"minecraft:furnace":1,"minecraft:andesite":8,"minecraft:mossy_stone_brick_stairs":1,"minecraft:stone":35,"realisticforgingores:big_stone":2,"minecraft:stone_brick_slab":1,"minecraft:powder_snow":3,"minecraft:crafting_table":1,"minecraft:oxidized_copper":5,"minecraft:rose_bush":1,"minecraft:cobblestone":1,"minecraft:copper_ore":13,"minecraft:sugar_cane":1,"minecraft:diorite":5,"minecraft:birch_sapling":3,"minecraft:birch_log":17,"minecraft:birch_leaves":102,"minecraft:stone_brick_stairs":3,"minecraft:grass":6,"minecraft:gravel":7,"minecraft:flower_pot":2,"minecraft:dirt":30,"minecraft:cobweb":5,"minecraft:cracked_stone_bricks":5,"minecraft:stone_bricks":5,"minecraft:polished_andesite":2,"minecraft:oak_leaves":4}},"DataVersion":3465}