{"stats":{"minecraft:dropped":{"minecraft:iron_ingot":4,"minecraft:birch_planks":7,"minecraft:wheat_seeds":3,"minecraft:golden_helmet":1,"minecraft:cobblestone":32,"minecraft:mossy_stone_brick_stairs":4,"minecraft:cracked_stone_bricks":7,"minecraft:coal":18,"realisticforgingores:cleanedironore":57,"minecraft:dirt":3,"realisticforgingores:hotrawironore":5,"minecraft:dead_bush":1,"realistictorches:unlit_torch":1,"minecraft:iron_shovel":1,"realisticforgingores:stickhotrawiron":1,"minecraft:birch_log":4,"minecraft:bone":4,"minecraft:stone_axe":4,"minecraft:sugar_cane":3,"minecraft:stone_sword":2,"minecraft:birch_sapling":6,"minecraft:rotten_flesh":3,"realisticforgingores:copperore":116,"minecraft:flower_pot":1,"realisticforgingores:smithing_stone_hammer":1,"minecraft:andesite":13,"minecraft:birch_door":3,"minecraft:golden_leggings":1,"minecraft:bow":1,"minecraft:stone_pickaxe":2},"minecraft:killed":{"minecraft:spider":4,"minecraft:phantom":2,"minecraft:skeleton":8,"minecraft:guardian":2,"minecraft:drowned":4,"minecraft:salmon":2,"minecraft:sheep":2,"alexsmobs:catfish":4,"minecraft:zombie":38,"alexsmobs:terrapin":8,"minecraft:player":2,"minecraft:cow":8},"minecraft:used":{"realisticforgingores:big_stone":2,"minecraft:stone_sword":167,"minecraft:chest":2,"minecraft:shield":11,"minecraft:rotten_flesh":19,"minecraft:oxidized_cut_copper":2,"minecraft:dirt":18,"minecraft:mutton":2,"minecraft:golden_shovel":4,"minecraft:granite":2,"minecraft:birch_door":4,"quality_of_progression:flint_tool":28,"minecraft:stone_brick_slab":1,"minecraft:birch_sapling":5,"minecraft:stone_bricks":7,"minecraft:beef":8,"minecraft:oak_sapling":1,"minecraft:furnace":2,"alexsmobs:cooked_catfish":3,"minecraft:diorite":2,"minecraft:birch_planks":70,"minecraft:stone_pickaxe":131,"minecraft:wooden_pickaxe":48,"minecraft:mossy_stone_brick_stairs":5,"minecraft:cracked_stone_bricks":1,"minecraft:salmon":1,"minecraft:mossy_cobblestone":1,"minecraft:golden_hoe":2,"minecraft:crafting_table":4,"minecraft:white_bed":2,"minecraft:cod":1,"minecraft:flower_pot":2,"minecraft:gravel":1,"minecraft:stone_axe":40,"minecraft:cobblestone":41,"minecraft:andesite":4,"minecraft:candle":5,"realistictorches:unlit_torch":2},"minecraft:broken":{"minecraft:stone_sword":1},"minecraft:killed_by":{"minecraft:stray":1,"minecraft:creeper":1,"minecraft:spider":3,"minecraft:enderman":1,"minecraft:drowned":5,"minecraft:skeleton":8,"minecraft:zombie":5,"alexsmobs:grizzly_bear":1},"minecraft:crafted":{"minecraft:oak_planks":40,"realisticforgingores:two_sticks":4,"realisticforgingores:smithing_hammer":1,"minecraft:stone_pickaxe":3,"minecraft:chest":2,"minecraft:birch_door":6,"alexsmobs:cooked_catfish":3,"realisticforgingores:smithing_stone_hammer":1,"minecraft:crafting_table":1,"quality_of_progression:flint_tool":1,"minecraft:wooden_pickaxe":2,"majruszsdifficulty:bandage":4,"minecraft:birch_planks":172,"minecraft:stone_axe":2,"realisticforgingores:hotrawironore":3,"minecraft:white_wool":3,"minecraft:shield":2,"minecraft:stick":28,"minecraft:flint":2,"minecraft:stone_sword":2,"minecraft:white_bed":1},"minecraft:picked_up":{"minecraft:birch_door":3,"minecraft:crafting_table":4,"minecraft:flower_pot":4,"minecraft:wooden_pickaxe":2,"minecraft:golden_shovel":10,"minecraft:stone_brick_stairs":26,"minecraft:shield":4,"minecraft:music_disc_cat":10,"minecraft:string":135,"minecraft:iron_shovel":1,"realisticforgingores:smithing_stone_hammer":7,"minecraft:cracked_stone_bricks":20,"minecraft:candle":30,"minecraft:beef":20,"minecraft:rose_bush":1,"minecraft:sugar_cane":9,"minecraft:birch_sapling":11,"minecraft:furnace":3,"minecraft:golden_helmet":1,"minecraft:stick":15,"realisticforgingores:big_stone":5,"realisticforgingores:smithing_hammer":5,"realisticforgingores:two_sticks":9,"minecraft:diorite":14,"minecraft:stone_sword":21,"minecraft:arrow":50,"minecraft:rotten_flesh":35,"minecraft:golden_hoe":13,"minecraft:saddle":7,"minecraft:mutton":2,"minecraft:cod":1,"minecraft:white_wool":1,"minecraft:cobblestone":365,"minecraft:birch_log":42,"minecraft:oxidized_copper":33,"minecraft:salmon":1,"minecraft:andesite":35,"minecraft:leather":20,"minecraft:golden_leggings":2,"realisticforgingores:hotrawironore":6,"minecraft:birch_planks":472,"minecraft:flint":15,"realisticforgingores:copperore":189,"minecraft:oak_log":10,"minecraft:gunpowder":6,"minecraft:dirt":162,"minecraft:bone":46,"realisticforgingores:stickhotrawiron":1,"quality_of_progression:flint_tool":5,"minecraft:stone_bricks":55,"minecraft:bow":1,"minecraft:wheat_seeds":5,"minecraft:iron_ingot":7,"minecraft:stone_pickaxe":21,"minecraft:mossy_stone_bricks":2,"minecraft:oak_planks":8,"minecraft:oxidized_cut_copper":4,"minecraft:mossy_stone_brick_stairs":18,"minecraft:stone_brick_slab":3,"minecraft:gravel":6,"majruszsdifficulty:bandage":4,"minecraft:white_bed":1,"minecraft:dead_bush":5,"alexsmobs:animal_dictionary":9,"minecraft:mossy_cobblestone":3,"alexsmobs:raw_catfish":3,"minecraft:polished_andesite":15,"realisticforgingores:cleanedironore":57,"minecraft:stone_axe":13,"realistictorches:unlit_torch":8,"minecraft:granite":2,"minecraft:bone_meal":14,"minecraft:oak_sapling":2,"minecraft:melon_seeds":20,"minecraft:coal":258},"minecraft:custom":{"minecraft:mob_kills":41,"minecraft:interact_with_crafting_table":52,"minecraft:leave_game":1,"minecraft:time_since_death":1555,"minecraft:climb_one_cm":322,"minecraft:sprint_one_cm":549229,"minecraft:walk_one_cm":485408,"minecraft:damage_blocked_by_shield":645,"minecraft:drop":82,"minecraft:play_time":158595,"minecraft:deaths":28,"minecraft:sneak_time":7712,"minecraft:walk_under_water_one_cm":32524,"minecraft:jump":2413,"minecraft:walk_on_water_one_cm":33905,"minecraft:total_world_time":158595,"minecraft:interact_with_furnace":29,"minecraft:sleep_in_bed":6,"minecraft:time_since_rest":1582,"minecraft:damage_taken":8108,"minecraft:damage_dealt":7157,"minecraft:swim_one_cm":84763,"minecraft:fly_one_cm":214205,"minecraft:player_kills":1,"minecraft:open_chest":21,"minecraft:crouch_one_cm":13579,"minecraft:fall_one_cm":48625},"minecraft:mined":{"minecraft:white_bed":1,"minecraft:mossy_cobblestone":4,"minecraft:candle":3,"minecraft:potted_dead_bush":2,"minecraft:grass_block":10,"realistictorches:torch":3,"minecraft:furnace":1,"minecraft:andesite":8,"minecraft:mossy_stone_brick_stairs":1,"minecraft:stone":112,"realisticforgingores:big_stone":3,"minecraft:stone_brick_slab":1,"minecraft:powder_snow":3,"minecraft:crafting_table":1,"minecraft:oxidized_copper":5,"minecraft:rose_bush":1,"minecraft:cobblestone":1,"minecraft:copper_ore":13,"minecraft:sugar_cane":1,"minecraft:diorite":5,"minecraft:birch_sapling":3,"minecraft:birch_log":33,"minecraft:birch_door":1,"minecraft:birch_leaves":102,"minecraft:stone_brick_stairs":3,"minecraft:grass":6,"minecraft:oak_log":8,"minecraft:gravel":10,"minecraft:flower_pot":2,"minecraft:dirt":40,"minecraft:cobweb":5,"minecraft:cracked_stone_bricks":6,"minecraft:stone_bricks":7,"minecraft:polished_andesite":2,"minecraft:oak_leaves":26}},"DataVersion":3465}