{"stats":{"minecraft:dropped":{"minecraft:iron_ingot":4,"minecraft:birch_planks":7,"minecraft:wheat_seeds":3,"minecraft:golden_helmet":1,"minecraft:iron_helmet":2,"minecraft:cobblestone":32,"minecraft:mossy_stone_brick_stairs":4,"minecraft:cracked_stone_bricks":7,"minecraft:coal":18,"realisticforgingores:cleanedironore":57,"minecraft:dirt":18,"realisticforgingores:panwithmeltedcopper":1,"realisticforgingores:hotrawironore":11,"minecraft:dead_bush":1,"minecraft:bone_meal":7,"realistictorches:unlit_torch":1,"minecraft:sugar":2,"minecraft:iron_shovel":1,"realisticforgingores:stickhotrawiron":1,"minecraft:birch_log":4,"minecraft:bone":4,"minecraft:stone_axe":4,"alexsmobs:maggot":1,"minecraft:sugar_cane":7,"minecraft:stone_sword":2,"minecraft:birch_sapling":6,"minecraft:rotten_flesh":3,"realisticforgingores:copperore":117,"minecraft:flower_pot":1,"realisticforgingores:two_sticks":1,"realisticforgingores:panwithcopperore":2,"realisticforgingores:smithing_stone_hammer":1,"minecraft:andesite":13,"minecraft:birch_door":3,"minecraft:golden_leggings":1,"minecraft:bow":1,"minecraft:stone_pickaxe":2},"minecraft:killed":{"minecraft:spider":4,"minecraft:phantom":2,"minecraft:skeleton":12,"minecraft:guardian":2,"minecraft:chicken":2,"minecraft:drowned":6,"alexsmobs:grizzly_bear":2,"alexsmobs:skunk":2,"minecraft:salmon":16,"minecraft:sheep":2,"alexsmobs:catfish":6,"minecraft:zombie":42,"alexsmobs:terrapin":10,"minecraft:player":2,"minecraft:cow":8},"minecraft:used":{"realisticforgingores:big_stone":3,"minecraft:stone_sword":215,"minecraft:chest":2,"minecraft:shield":22,"minecraft:iron_sword":6,"minecraft:rotten_flesh":33,"minecraft:oxidized_cut_copper":2,"minecraft:dirt":41,"minecraft:mutton":2,"minecraft:golden_shovel":4,"minecraft:granite":6,"minecraft:birch_door":4,"quality_of_progression:flint_tool":45,"minecraft:stone_brick_slab":1,"minecraft:iron_axe":4,"minecraft:birch_sapling":5,"minecraft:iron_helmet":1,"minecraft:stone_bricks":7,"minecraft:beef":8,"minecraft:oak_sapling":4,"minecraft:furnace":4,"minecraft:egg":2,"minecraft:cobbled_deepslate":11,"minecraft:iron_leggings":1,"alexsmobs:raw_catfish":3,"minecraft:water_bucket":10,"alexsmobs:cooked_catfish":3,"minecraft:diorite":2,"minecraft:birch_planks":76,"minecraft:stone_pickaxe":269,"minecraft:oak_planks":3,"minecraft:birch_boat":4,"minecraft:wooden_pickaxe":57,"minecraft:mossy_stone_brick_stairs":5,"minecraft:sugar_cane":14,"minecraft:cracked_stone_bricks":1,"minecraft:salmon":8,"minecraft:mossy_cobblestone":1,"minecraft:golden_hoe":2,"minecraft:sand":5,"minecraft:crafting_table":8,"minecraft:white_bed":2,"minecraft:cod":1,"minecraft:flower_pot":2,"minecraft:chicken":1,"minecraft:iron_pickaxe":392,"minecraft:gravel":2,"minecraft:stone_axe":70,"minecraft:cobblestone":92,"minecraft:birch_log":3,"majruszsdifficulty:bandage":1,"minecraft:bucket":10,"minecraft:andesite":4,"alexsmobs:animal_dictionary":2,"minecraft:candle":5,"realistictorches:unlit_torch":3},"minecraft:broken":{"minecraft:stone_sword":1,"minecraft:stone_pickaxe":1,"minecraft:iron_pickaxe":1},"minecraft:killed_by":{"minecraft:stray":1,"minecraft:creeper":2,"minecraft:spider":3,"minecraft:enderman":1,"minecraft:drowned":5,"minecraft:skeleton":12,"minecraft:zombie":5,"alexsmobs:grizzly_bear":2},"minecraft:picked_up":{"minecraft:iron_chestplate":1,"minecraft:birch_door":3,"minecraft:crafting_table":4,"minecraft:clay_ball":111,"minecraft:chicken":1,"minecraft:flower_pot":4,"minecraft:wooden_pickaxe":8,"minecraft:golden_shovel":10,"minecraft:stone_brick_stairs":26,"minecraft:shield":9,"minecraft:iron_axe":1,"minecraft:music_disc_cat":10,"realisticforgingores:panwithcopperdust":1,"minecraft:string":135,"minecraft:iron_leggings":1,"minecraft:iron_shovel":1,"realisticforgingores:smithing_stone_hammer":13,"minecraft:cracked_stone_bricks":20,"minecraft:cobbled_deepslate":101,"minecraft:candle":30,"minecraft:bucket":1,"minecraft:beef":20,"minecraft:rose_bush":1,"minecraft:iron_nugget":5,"minecraft:iron_pickaxe":3,"minecraft:sugar_cane":33,"minecraft:birch_sapling":11,"minecraft:iron_boots":1,"minecraft:egg":2,"minecraft:furnace":3,"minecraft:golden_helmet":1,"minecraft:stick":31,"realisticforgingores:big_stone":6,"realisticforgingores:smithing_hammer":6,"minecraft:copper_ingot":1,"realisticforgingores:woodpestle":1,"realisticforgingores:two_sticks":15,"minecraft:diorite":53,"minecraft:stone_sword":23,"minecraft:arrow":53,"minecraft:rotten_flesh":49,"minecraft:golden_hoe":13,"minecraft:saddle":7,"minecraft:mutton":2,"minecraft:cod":1,"minecraft:white_wool":1,"minecraft:cobblestone":903,"minecraft:birch_log":51,"minecraft:feather":7,"minecraft:oxidized_copper":33,"minecraft:salmon":8,"minecraft:andesite":35,"minecraft:leather":20,"minecraft:golden_leggings":2,"realisticforgingores:hotrawironore":16,"minecraft:birch_planks":522,"alexsmobs:bear_fur":4,"minecraft:flint":30,"realisticforgingores:copperore":327,"minecraft:oak_log":25,"realisticforgingores:blacksmithstongs":1,"minecraft:gunpowder":6,"minecraft:dirt":260,"realisticforgingores:raw_iron_ore":32,"minecraft:bone":46,"realisticforgingores:stickhotrawiron":1,"quality_of_progression:flint_tool":13,"minecraft:stone_bricks":59,"minecraft:bow":3,"minecraft:wheat_seeds":5,"realisticforgingores:barshapedmold":1,"minecraft:iron_ingot":73,"minecraft:stone_pickaxe":25,"minecraft:mossy_stone_bricks":2,"minecraft:iron_sword":1,"minecraft:oak_planks":107,"minecraft:oxidized_cut_copper":4,"minecraft:mossy_stone_brick_stairs":18,"minecraft:birch_boat":2,"realisticforgingores:panwithcopperore":1,"realisticforgingores:panwithmeltedcopper":2,"minecraft:stone_brick_slab":3,"realisticforgingores:pan":2,"minecraft:gravel":22,"minecraft:sand":15,"majruszsdifficulty:bandage":8,"minecraft:white_bed":1,"minecraft:dead_bush":5,"alexsmobs:animal_dictionary":9,"minecraft:mossy_cobblestone":3,"alexsmobs:raw_catfish":7,"minecraft:polished_andesite":15,"minecraft:sugar":1,"realisticforgingores:cleanedironore":57,"minecraft:stone_axe":16,"realistictorches:unlit_torch":12,"minecraft:iron_helmet":1,"minecraft:granite":86,"minecraft:bone_meal":21,"alexsmobs:maggot":1,"minecraft:oak_sapling":11,"minecraft:melon_seeds":20,"minecraft:coal":300},"minecraft:crafted":{"minecraft:brick":1,"minecraft:oak_planks":100,"minecraft:iron_nugget":9,"realisticforgingores:barshapedmold":1,"minecraft:birch_boat":2,"realisticforgingores:two_sticks":32,"minecraft:furnace":2,"realisticforgingores:smithing_hammer":2,"realisticforgingores:pan":3,"minecraft:iron_boots":1,"minecraft:iron_axe":1,"minecraft:stone_pickaxe":4,"minecraft:chest":2,"minecraft:birch_door":6,"alexsmobs:cooked_catfish":3,"realisticforgingores:smithing_stone_hammer":3,"minecraft:sugar":1,"realisticforgingores:woodpestle":1,"minecraft:crafting_table":5,"realisticforgingores:panwithmeltedcopper":6,"quality_of_progression:flint_tool":2,"minecraft:iron_helmet":3,"minecraft:wooden_pickaxe":3,"majruszsdifficulty:bandage":4,"minecraft:iron_sword":2,"quality_of_progression:copper_pickaxe":1,"minecraft:bucket":1,"minecraft:birch_planks":196,"minecraft:stone_axe":2,"realisticforgingores:hotrawironore":30,"quality_of_progression:copper_sword":1,"minecraft:iron_chestplate":2,"minecraft:white_wool":4,"realisticforgingores:blacksmithstongs":1,"minecraft:shield":3,"minecraft:iron_ingot":9,"minecraft:stick":108,"minecraft:iron_pickaxe":3,"minecraft:flint":6,"minecraft:iron_block":1,"minecraft:stone_sword":2,"minecraft:iron_leggings":2,"minecraft:white_bed":1},"minecraft:custom":{"minecraft:mob_kills":58,"minecraft:interact_with_crafting_table":139,"minecraft:leave_game":1,"minecraft:time_since_death":11444,"minecraft:climb_one_cm":322,"minecraft:sprint_one_cm":822066,"minecraft:walk_one_cm":935474,"minecraft:damage_blocked_by_shield":1470,"minecraft:drop":105,"minecraft:play_time":326595,"minecraft:deaths":39,"minecraft:sneak_time":10175,"minecraft:walk_under_water_one_cm":59600,"minecraft:jump":3771,"minecraft:interact_with_blast_furnace":18,"minecraft:walk_on_water_one_cm":90381,"minecraft:total_world_time":326595,"minecraft:interact_with_furnace":104,"minecraft:sleep_in_bed":8,"minecraft:time_since_rest":11469,"minecraft:damage_taken":11470,"minecraft:damage_dealt":9797,"minecraft:swim_one_cm":183171,"minecraft:fly_one_cm":325572,"minecraft:player_kills":1,"minecraft:open_chest":102,"minecraft:crouch_one_cm":19440,"minecraft:fall_one_cm":59693},"minecraft:mined":{"minecraft:white_bed":1,"minecraft:mossy_cobblestone":4,"minecraft:candle":3,"minecraft:granite":37,"minecraft:potted_dead_bush":2,"minecraft:grass_block":18,"realistictorches:torch":3,"minecraft:furnace":1,"minecraft:iron_ore":13,"minecraft:cobbled_deepslate":4,"minecraft:andesite":8,"minecraft:mossy_stone_brick_stairs":1,"minecraft:stone":370,"realisticforgingores:big_stone":3,"minecraft:stone_brick_slab":1,"minecraft:powder_snow":3,"minecraft:clay":16,"minecraft:crafting_table":1,"minecraft:oxidized_copper":5,"minecraft:rose_bush":1,"minecraft:cobblestone":29,"minecraft:copper_ore":21,"realistictorches:torch_wall":1,"minecraft:oak_planks":1,"minecraft:sugar_cane":18,"minecraft:diorite":44,"minecraft:birch_sapling":3,"minecraft:birch_planks":13,"minecraft:birch_log":42,"minecraft:birch_door":1,"minecraft:birch_leaves":102,"minecraft:stone_brick_stairs":3,"minecraft:grass":6,"minecraft:coal_ore":42,"minecraft:oak_log":23,"minecraft:sand":10,"minecraft:gravel":18,"minecraft:flower_pot":2,"minecraft:dirt":59,"minecraft:cobweb":5,"minecraft:cracked_stone_bricks":6,"minecraft:stone_bricks":7,"minecraft:polished_andesite":2,"minecraft:deepslate":97,"minecraft:oak_leaves":86}},"DataVersion":3465}