{"stats":{"minecraft:dropped":{"minecraft:stone_axe":4,"minecraft:sugar_cane":1,"minecraft:birch_planks":7,"minecraft:wheat_seeds":3,"minecraft:stone_sword":1,"minecraft:birch_sapling":6,"minecraft:cobblestone":3,"minecraft:rotten_flesh":2,"realisticforgingores:copperore":49,"minecraft:dirt":3,"minecraft:andesite":13,"minecraft:stone_pickaxe":2,"minecraft:birch_log":4,"minecraft:bone":1},"minecraft:killed":{"minecraft:spider":4,"minecraft:skeleton":2,"minecraft:sheep":2,"minecraft:guardian":2,"minecraft:zombie":20,"alexsmobs:terrapin":2,"minecraft:drowned":4,"minecraft:cow":6},"minecraft:used":{"minecraft:stone_sword":88,"minecraft:birch_planks":35,"minecraft:stone_pickaxe":51,"minecraft:wooden_pickaxe":8,"minecraft:rotten_flesh":13,"minecraft:dirt":3,"minecraft:mutton":2,"minecraft:crafting_table":3,"minecraft:cod":1,"minecraft:granite":2,"quality_of_progression:flint_tool":12,"minecraft:birch_sapling":5,"minecraft:gravel":1,"minecraft:stone_axe":7,"minecraft:cobblestone":12,"minecraft:beef":7,"minecraft:furnace":1,"minecraft:andesite":2,"realistictorches:unlit_torch":1},"minecraft:killed_by":{"minecraft:skeleton":1,"minecraft:creeper":1,"minecraft:spider":3,"minecraft:zombie":2,"alexsmobs:grizzly_bear":1,"minecraft:enderman":1},"minecraft:crafted":{"minecraft:crafting_table":1,"minecraft:wooden_pickaxe":1,"realisticforgingores:two_sticks":1,"minecraft:birch_planks":84,"minecraft:stone_axe":1,"minecraft:stick":12,"minecraft:stone_pickaxe":2,"minecraft:stone_sword":1},"minecraft:picked_up":{"minecraft:birch_log":16,"minecraft:crafting_table":2,"minecraft:andesite":32,"minecraft:leather":2,"minecraft:birch_planks":315,"minecraft:golden_shovel":6,"minecraft:flint":12,"realisticforgingores:copperore":113,"minecraft:string":6,"minecraft:dirt":11,"minecraft:bone":7,"quality_of_progression:flint_tool":1,"minecraft:wheat_seeds":5,"minecraft:stone_pickaxe":10,"minecraft:beef":10,"minecraft:rose_bush":1,"minecraft:sugar_cane":7,"minecraft:birch_sapling":11,"minecraft:furnace":1,"minecraft:stick":5,"realisticforgingores:big_stone":1,"minecraft:gravel":4,"minecraft:diorite":10,"alexsmobs:animal_dictionary":2,"minecraft:stone_sword":9,"minecraft:arrow":12,"minecraft:rotten_flesh":17,"minecraft:stone_axe":6,"minecraft:golden_hoe":8,"realistictorches:unlit_torch":3,"minecraft:granite":2,"minecraft:coal":147,"minecraft:mutton":2,"minecraft:cod":1,"minecraft:white_wool":1,"minecraft:cobblestone":31},"minecraft:custom":{"minecraft:interact_with_furnace":3,"minecraft:mob_kills":21,"minecraft:interact_with_crafting_table":13,"minecraft:leave_game":1,"minecraft:time_since_death":7335,"minecraft:sleep_in_bed":1,"minecraft:time_since_rest":7364,"minecraft:sprint_one_cm":421940,"minecraft:damage_taken":2825,"minecraft:walk_one_cm":191185,"minecraft:drop":48,"minecraft:damage_dealt":3410,"minecraft:swim_one_cm":26065,"minecraft:fly_one_cm":163166,"minecraft:open_chest":2,"minecraft:crouch_one_cm":4393,"minecraft:play_time":74595,"minecraft:deaths":10,"minecraft:sneak_time":1574,"minecraft:walk_under_water_one_cm":10313,"minecraft:jump":1600,"minecraft:walk_on_water_one_cm":17103,"minecraft:total_world_time":74595,"minecraft:fall_one_cm":30732},"minecraft:mined":{"minecraft:powder_snow":3,"minecraft:crafting_table":1,"minecraft:grass_block":3,"minecraft:rose_bush":1,"minecraft:copper_ore":13,"minecraft:sugar_cane":1,"minecraft:diorite":5,"minecraft:birch_sapling":3,"realistictorches:torch":1,"minecraft:furnace":1,"minecraft:birch_log":11,"minecraft:birch_leaves":100,"minecraft:andesite":8,"minecraft:grass":6,"minecraft:gravel":7,"minecraft:dirt":4,"minecraft:stone":31,"minecraft:oak_leaves":4,"realisticforgingores:big_stone":1}},"DataVersion":3465}