{"stats":{"minecraft:dropped":{"minecraft:rotten_flesh":2,"minecraft:dirt":3,"minecraft:sugar_cane":1,"minecraft:wheat_seeds":3,"minecraft:birch_sapling":4},"minecraft:used":{"minecraft:birch_sapling":5,"minecraft:gravel":1,"minecraft:rotten_flesh":1},"minecraft:killed":{"minecraft:zombie":2},"minecraft:crafted":{"minecraft:birch_planks":20},"minecraft:picked_up":{"minecraft:birch_log":5,"minecraft:rotten_flesh":3,"minecraft:wheat_seeds":3,"minecraft:gravel":4,"minecraft:flint":3,"minecraft:sugar_cane":4,"minecraft:birch_sapling":9,"minecraft:dirt":8},"minecraft:custom":{"minecraft:time_since_rest":14595,"minecraft:crouch_one_cm":182,"minecraft:sprint_one_cm":53860,"minecraft:play_time":14595,"minecraft:damage_taken":55,"minecraft:walk_one_cm":45277,"minecraft:sneak_time":57,"minecraft:walk_under_water_one_cm":1987,"minecraft:mob_kills":1,"minecraft:drop":13,"minecraft:jump":197,"minecraft:damage_dealt":195,"minecraft:leave_game":1,"minecraft:walk_on_water_one_cm":2645,"minecraft:time_since_death":14595,"minecraft:total_world_time":14595,"minecraft:swim_one_cm":11579,"minecraft:fall_one_cm":4525,"minecraft:fly_one_cm":22252},"minecraft:mined":{"minecraft:birch_sapling":3,"minecraft:grass":1,"minecraft:grass_block":2,"minecraft:gravel":7,"minecraft:dirt":4,"minecraft:birch_leaves":88,"minecraft:sugar_cane":1}},"DataVersion":3465}