{"stats":{"minecraft:dropped":{"minecraft:stone_axe":4,"minecraft:sugar_cane":3,"minecraft:birch_planks":7,"minecraft:wheat_seeds":3,"minecraft:golden_helmet":1,"minecraft:stone_sword":2,"minecraft:birch_sapling":6,"minecraft:cobblestone":3,"minecraft:rotten_flesh":3,"minecraft:mossy_stone_brick_stairs":4,"minecraft:cracked_stone_bricks":7,"realisticforgingores:copperore":113,"realisticforgingores:cleanedironore":57,"minecraft:dirt":3,"minecraft:flower_pot":1,"minecraft:andesite":13,"minecraft:stone_pickaxe":2,"minecraft:iron_shovel":1,"minecraft:birch_log":4,"minecraft:bone":1},"minecraft:killed":{"minecraft:spider":4,"minecraft:phantom":2,"minecraft:skeleton":6,"minecraft:sheep":2,"minecraft:guardian":2,"minecraft:zombie":28,"alexsmobs:terrapin":2,"minecraft:drowned":4,"minecraft:player":2,"minecraft:cow":8},"minecraft:used":{"minecraft:diorite":2,"minecraft:stone_sword":127,"minecraft:birch_planks":35,"minecraft:stone_pickaxe":76,"minecraft:wooden_pickaxe":8,"minecraft:mossy_stone_brick_stairs":2,"minecraft:rotten_flesh":15,"minecraft:golden_hoe":2,"minecraft:dirt":3,"minecraft:mutton":2,"minecraft:crafting_table":3,"minecraft:golden_shovel":4,"minecraft:cod":1,"minecraft:granite":2,"minecraft:stone_brick_slab":1,"quality_of_progression:flint_tool":12,"minecraft:birch_sapling":5,"minecraft:gravel":1,"minecraft:stone_axe":19,"minecraft:cobblestone":12,"minecraft:beef":8,"minecraft:furnace":2,"minecraft:andesite":3,"realistictorches:unlit_torch":1},"minecraft:broken":{"minecraft:stone_sword":1},"minecraft:killed_by":{"minecraft:stray":1,"minecraft:skeleton":4,"minecraft:creeper":1,"minecraft:spider":3,"minecraft:zombie":2,"alexsmobs:grizzly_bear":1,"minecraft:enderman":1},"minecraft:crafted":{"minecraft:crafting_table":1,"minecraft:wooden_pickaxe":1,"realisticforgingores:two_sticks":1,"minecraft:birch_planks":84,"minecraft:stone_axe":1,"minecraft:stick":12,"minecraft:stone_pickaxe":2,"minecraft:stone_sword":1},"minecraft:picked_up":{"minecraft:birch_log":20,"minecraft:crafting_table":2,"minecraft:oxidized_copper":12,"minecraft:flower_pot":1,"minecraft:andesite":32,"minecraft:leather":12,"minecraft:golden_leggings":1,"minecraft:birch_planks":381,"minecraft:golden_shovel":9,"minecraft:flint":13,"minecraft:stone_brick_stairs":8,"realisticforgingores:copperore":183,"minecraft:gunpowder":2,"minecraft:music_disc_cat":3,"minecraft:string":93,"minecraft:dirt":11,"minecraft:iron_shovel":1,"realisticforgingores:smithing_stone_hammer":2,"minecraft:bone":39,"minecraft:stone_bricks":28,"quality_of_progression:flint_tool":1,"minecraft:cracked_stone_bricks":8,"minecraft:candle":16,"minecraft:wheat_seeds":5,"minecraft:iron_ingot":1,"minecraft:stone_pickaxe":10,"minecraft:beef":18,"minecraft:rose_bush":1,"minecraft:mossy_stone_bricks":2,"minecraft:sugar_cane":9,"minecraft:birch_sapling":11,"minecraft:mossy_stone_brick_stairs":9,"minecraft:golden_helmet":1,"minecraft:furnace":3,"minecraft:stick":7,"realisticforgingores:big_stone":1,"minecraft:stone_brick_slab":3,"realisticforgingores:two_sticks":4,"minecraft:gravel":4,"minecraft:diorite":14,"minecraft:dead_bush":1,"alexsmobs:animal_dictionary":5,"minecraft:polished_andesite":3,"minecraft:stone_sword":14,"minecraft:arrow":24,"minecraft:rotten_flesh":20,"realisticforgingores:cleanedironore":57,"minecraft:stone_axe":8,"minecraft:golden_hoe":11,"realistictorches:unlit_torch":5,"minecraft:granite":2,"minecraft:bone_meal":2,"minecraft:saddle":3,"minecraft:melon_seeds":6,"minecraft:coal":204,"minecraft:mutton":2,"minecraft:cod":1,"minecraft:white_wool":1,"minecraft:cobblestone":46},"minecraft:custom":{"minecraft:interact_with_furnace":3,"minecraft:mob_kills":29,"minecraft:interact_with_crafting_table":14,"minecraft:leave_game":1,"minecraft:time_since_death":371,"minecraft:sleep_in_bed":2,"minecraft:climb_one_cm":322,"minecraft:time_since_rest":400,"minecraft:sprint_one_cm":444607,"minecraft:damage_taken":3888,"minecraft:walk_one_cm":229247,"minecraft:drop":60,"minecraft:damage_dealt":5270,"minecraft:player_kills":1,"minecraft:swim_one_cm":26065,"minecraft:fly_one_cm":174704,"minecraft:open_chest":4,"minecraft:crouch_one_cm":9486,"minecraft:play_time":86595,"minecraft:deaths":14,"minecraft:sneak_time":4820,"minecraft:walk_under_water_one_cm":10313,"minecraft:jump":1827,"minecraft:walk_on_water_one_cm":17103,"minecraft:total_world_time":86595,"minecraft:fall_one_cm":34374},"minecraft:mined":{"minecraft:candle":2,"minecraft:stone_brick_slab":1,"minecraft:powder_snow":3,"minecraft:crafting_table":1,"minecraft:potted_dead_bush":1,"minecraft:grass_block":3,"minecraft:oxidized_copper":5,"minecraft:rose_bush":1,"minecraft:copper_ore":13,"minecraft:sugar_cane":1,"minecraft:diorite":5,"minecraft:birch_sapling":3,"realistictorches:torch":1,"minecraft:furnace":1,"minecraft:birch_log":11,"minecraft:birch_leaves":101,"minecraft:andesite":8,"minecraft:stone_brick_stairs":3,"minecraft:grass":6,"minecraft:mossy_stone_brick_stairs":1,"minecraft:gravel":7,"minecraft:dirt":4,"minecraft:cobweb":5,"minecraft:cracked_stone_bricks":5,"minecraft:polished_andesite":2,"minecraft:stone_bricks":5,"minecraft:stone":31,"minecraft:oak_leaves":4,"realisticforgingores:big_stone":1}},"DataVersion":3465}