{"stats":{"minecraft:dropped":{"minecraft:iron_ingot":4,"minecraft:birch_planks":7,"minecraft:wheat_seeds":3,"minecraft:golden_helmet":1,"minecraft:cobblestone":32,"minecraft:mossy_stone_brick_stairs":4,"minecraft:cracked_stone_bricks":7,"minecraft:coal":18,"realisticforgingores:cleanedironore":57,"minecraft:dirt":3,"minecraft:dead_bush":1,"realistictorches:unlit_torch":1,"minecraft:iron_shovel":1,"realisticforgingores:stickhotrawiron":1,"minecraft:birch_log":4,"minecraft:bone":4,"minecraft:stone_axe":4,"minecraft:sugar_cane":3,"minecraft:stone_sword":2,"minecraft:birch_sapling":6,"minecraft:rotten_flesh":3,"realisticforgingores:copperore":116,"minecraft:flower_pot":1,"realisticforgingores:smithing_stone_hammer":1,"minecraft:andesite":13,"minecraft:birch_door":3,"minecraft:golden_leggings":1,"minecraft:bow":1,"minecraft:stone_pickaxe":2},"minecraft:killed":{"minecraft:spider":4,"minecraft:phantom":2,"minecraft:skeleton":8,"minecraft:guardian":2,"minecraft:drowned":4,"minecraft:salmon":2,"minecraft:sheep":2,"alexsmobs:catfish":4,"minecraft:zombie":38,"alexsmobs:terrapin":6,"minecraft:player":2,"minecraft:cow":8},"minecraft:used":{"realisticforgingores:big_stone":2,"minecraft:stone_sword":162,"minecraft:shield":11,"minecraft:rotten_flesh":18,"minecraft:oxidized_cut_copper":2,"minecraft:dirt":18,"minecraft:mutton":2,"minecraft:golden_shovel":4,"minecraft:granite":2,"quality_of_progression:flint_tool":12,"minecraft:stone_brick_slab":1,"minecraft:birch_sapling":5,"minecraft:stone_bricks":7,"minecraft:beef":8,"minecraft:oak_sapling":1,"minecraft:furnace":2,"alexsmobs:cooked_catfish":1,"minecraft:diorite":2,"minecraft:birch_planks":70,"minecraft:stone_pickaxe":131,"minecraft:wooden_pickaxe":8,"minecraft:mossy_stone_brick_stairs":5,"minecraft:cracked_stone_bricks":1,"minecraft:salmon":1,"minecraft:mossy_cobblestone":1,"minecraft:golden_hoe":2,"minecraft:crafting_table":4,"minecraft:cod":1,"minecraft:flower_pot":2,"minecraft:gravel":1,"minecraft:stone_axe":34,"minecraft:cobblestone":24,"minecraft:andesite":4,"minecraft:candle":4,"realistictorches:unlit_torch":2},"minecraft:broken":{"minecraft:stone_sword":1},"minecraft:killed_by":{"minecraft:stray":1,"minecraft:creeper":1,"minecraft:spider":3,"minecraft:enderman":1,"minecraft:drowned":5,"minecraft:skeleton":8,"minecraft:zombie":5,"alexsmobs:grizzly_bear":1},"minecraft:crafted":{"minecraft:oak_planks":8,"realisticforgingores:two_sticks":2,"realisticforgingores:smithing_hammer":1,"minecraft:stone_pickaxe":2,"minecraft:birch_door":3,"alexsmobs:cooked_catfish":3,"minecraft:crafting_table":1,"minecraft:wooden_pickaxe":1,"minecraft:birch_planks":144,"minecraft:stone_axe":1,"minecraft:white_wool":3,"minecraft:shield":1,"minecraft:stick":16,"minecraft:stone_sword":2},"minecraft:picked_up":{"minecraft:crafting_table":4,"minecraft:flower_pot":4,"minecraft:golden_shovel":10,"minecraft:stone_brick_stairs":26,"minecraft:shield":3,"minecraft:music_disc_cat":10,"minecraft:string":121,"minecraft:iron_shovel":1,"realisticforgingores:smithing_stone_hammer":5,"minecraft:cracked_stone_bricks":20,"minecraft:candle":28,"minecraft:beef":20,"minecraft:rose_bush":1,"minecraft:sugar_cane":9,"minecraft:birch_sapling":11,"minecraft:furnace":3,"minecraft:golden_helmet":1,"minecraft:stick":8,"realisticforgingores:big_stone":5,"realisticforgingores:smithing_hammer":5,"realisticforgingores:two_sticks":8,"minecraft:diorite":14,"minecraft:stone_sword":18,"minecraft:arrow":50,"minecraft:rotten_flesh":33,"minecraft:golden_hoe":13,"minecraft:saddle":7,"minecraft:mutton":2,"minecraft:cod":1,"minecraft:white_wool":1,"minecraft:cobblestone":268,"minecraft:birch_log":35,"minecraft:oxidized_copper":33,"minecraft:salmon":1,"minecraft:andesite":35,"minecraft:leather":20,"minecraft:golden_leggings":2,"minecraft:birch_planks":426,"minecraft:flint":13,"realisticforgingores:copperore":189,"minecraft:oak_log":2,"minecraft:gunpowder":6,"minecraft:dirt":159,"minecraft:bone":46,"realisticforgingores:stickhotrawiron":1,"quality_of_progression:flint_tool":3,"minecraft:stone_bricks":49,"minecraft:bow":1,"minecraft:wheat_seeds":5,"minecraft:iron_ingot":7,"minecraft:stone_pickaxe":19,"minecraft:mossy_stone_bricks":2,"minecraft:oxidized_cut_copper":4,"minecraft:mossy_stone_brick_stairs":18,"minecraft:stone_brick_slab":3,"minecraft:gravel":4,"minecraft:dead_bush":5,"alexsmobs:animal_dictionary":9,"minecraft:mossy_cobblestone":3,"alexsmobs:raw_catfish":3,"minecraft:polished_andesite":15,"realisticforgingores:cleanedironore":57,"minecraft:stone_axe":12,"realistictorches:unlit_torch":8,"minecraft:granite":2,"minecraft:bone_meal":14,"minecraft:oak_sapling":2,"minecraft:melon_seeds":20,"minecraft:coal":258},"minecraft:custom":{"minecraft:mob_kills":40,"minecraft:interact_with_crafting_table":38,"minecraft:leave_game":1,"minecraft:time_since_death":4591,"minecraft:climb_one_cm":322,"minecraft:sprint_one_cm":549229,"minecraft:walk_one_cm":386701,"minecraft:damage_blocked_by_shield":645,"minecraft:drop":77,"minecraft:play_time":134595,"minecraft:deaths":26,"minecraft:sneak_time":7583,"minecraft:walk_under_water_one_cm":29609,"minecraft:jump":2346,"minecraft:walk_on_water_one_cm":30397,"minecraft:total_world_time":134595,"minecraft:interact_with_furnace":15,"minecraft:sleep_in_bed":4,"minecraft:time_since_rest":873,"minecraft:damage_taken":7478,"minecraft:damage_dealt":7005,"minecraft:swim_one_cm":78426,"minecraft:fly_one_cm":214100,"minecraft:player_kills":1,"minecraft:open_chest":10,"minecraft:crouch_one_cm":13565,"minecraft:fall_one_cm":48207},"minecraft:mined":{"minecraft:mossy_cobblestone":4,"minecraft:candle":2,"minecraft:potted_dead_bush":2,"minecraft:grass_block":9,"realistictorches:torch":3,"minecraft:furnace":1,"minecraft:andesite":8,"minecraft:mossy_stone_brick_stairs":1,"minecraft:stone":75,"realisticforgingores:big_stone":3,"minecraft:stone_brick_slab":1,"minecraft:powder_snow":3,"minecraft:crafting_table":1,"minecraft:oxidized_copper":5,"minecraft:rose_bush":1,"minecraft:cobblestone":1,"minecraft:copper_ore":13,"minecraft:sugar_cane":1,"minecraft:diorite":5,"minecraft:birch_sapling":3,"minecraft:birch_log":26,"minecraft:birch_leaves":102,"minecraft:stone_brick_stairs":3,"minecraft:grass":6,"minecraft:gravel":7,"minecraft:flower_pot":2,"minecraft:dirt":40,"minecraft:cobweb":5,"minecraft:cracked_stone_bricks":6,"minecraft:stone_bricks":5,"minecraft:polished_andesite":2,"minecraft:oak_leaves":18}},"DataVersion":3465}