{"stats":{"minecraft:dropped":{"minecraft:iron_ingot":4,"minecraft:birch_planks":7,"minecraft:wheat_seeds":3,"minecraft:golden_helmet":1,"minecraft:cobblestone":32,"minecraft:mossy_stone_brick_stairs":4,"minecraft:cracked_stone_bricks":7,"minecraft:coal":18,"realisticforgingores:cleanedironore":57,"minecraft:dirt":3,"realisticforgingores:hotrawironore":5,"minecraft:dead_bush":1,"minecraft:bone_meal":7,"realistictorches:unlit_torch":1,"minecraft:sugar":2,"minecraft:iron_shovel":1,"realisticforgingores:stickhotrawiron":1,"minecraft:birch_log":4,"minecraft:bone":4,"minecraft:stone_axe":4,"alexsmobs:maggot":1,"minecraft:sugar_cane":7,"minecraft:stone_sword":2,"minecraft:birch_sapling":6,"minecraft:rotten_flesh":3,"realisticforgingores:copperore":116,"minecraft:flower_pot":1,"realisticforgingores:smithing_stone_hammer":1,"minecraft:andesite":13,"minecraft:birch_door":3,"minecraft:golden_leggings":1,"minecraft:bow":1,"minecraft:stone_pickaxe":2},"minecraft:killed":{"minecraft:spider":4,"minecraft:phantom":2,"minecraft:skeleton":12,"minecraft:guardian":2,"minecraft:chicken":2,"minecraft:drowned":6,"alexsmobs:grizzly_bear":2,"alexsmobs:skunk":2,"minecraft:salmon":12,"minecraft:sheep":2,"alexsmobs:catfish":6,"minecraft:zombie":42,"alexsmobs:terrapin":8,"minecraft:player":2,"minecraft:cow":8},"minecraft:used":{"realisticforgingores:big_stone":3,"minecraft:stone_sword":215,"minecraft:chest":2,"minecraft:shield":22,"minecraft:rotten_flesh":25,"minecraft:oxidized_cut_copper":2,"minecraft:dirt":30,"minecraft:mutton":2,"minecraft:golden_shovel":4,"minecraft:granite":2,"minecraft:birch_door":4,"quality_of_progression:flint_tool":28,"minecraft:stone_brick_slab":1,"minecraft:birch_sapling":5,"minecraft:stone_bricks":7,"minecraft:beef":8,"minecraft:oak_sapling":3,"minecraft:furnace":2,"minecraft:egg":2,"alexsmobs:raw_catfish":3,"alexsmobs:cooked_catfish":3,"minecraft:diorite":2,"minecraft:birch_planks":70,"minecraft:stone_pickaxe":138,"minecraft:birch_boat":3,"minecraft:wooden_pickaxe":48,"minecraft:mossy_stone_brick_stairs":5,"minecraft:sugar_cane":6,"minecraft:cracked_stone_bricks":1,"minecraft:salmon":6,"minecraft:mossy_cobblestone":1,"minecraft:golden_hoe":2,"minecraft:sand":5,"minecraft:crafting_table":5,"minecraft:white_bed":2,"minecraft:cod":1,"minecraft:flower_pot":2,"minecraft:chicken":1,"minecraft:iron_pickaxe":123,"minecraft:gravel":1,"minecraft:stone_axe":43,"minecraft:cobblestone":50,"majruszsdifficulty:bandage":1,"minecraft:andesite":4,"minecraft:candle":5,"realistictorches:unlit_torch":2},"minecraft:broken":{"minecraft:stone_sword":1},"minecraft:killed_by":{"minecraft:stray":1,"minecraft:creeper":2,"minecraft:spider":3,"minecraft:enderman":1,"minecraft:drowned":5,"minecraft:skeleton":12,"minecraft:zombie":5,"alexsmobs:grizzly_bear":2},"minecraft:crafted":{"minecraft:oak_planks":40,"minecraft:birch_boat":1,"realisticforgingores:two_sticks":7,"realisticforgingores:smithing_hammer":1,"minecraft:stone_pickaxe":3,"minecraft:chest":2,"minecraft:birch_door":6,"alexsmobs:cooked_catfish":3,"realisticforgingores:smithing_stone_hammer":1,"minecraft:sugar":1,"minecraft:crafting_table":2,"quality_of_progression:flint_tool":1,"minecraft:wooden_pickaxe":2,"majruszsdifficulty:bandage":4,"minecraft:birch_planks":172,"minecraft:stone_axe":2,"realisticforgingores:hotrawironore":5,"minecraft:white_wool":4,"minecraft:shield":2,"minecraft:stick":36,"minecraft:iron_pickaxe":1,"minecraft:flint":5,"minecraft:stone_sword":2,"minecraft:white_bed":1},"minecraft:picked_up":{"minecraft:birch_door":3,"minecraft:crafting_table":4,"minecraft:chicken":1,"minecraft:flower_pot":4,"minecraft:wooden_pickaxe":4,"minecraft:golden_shovel":10,"minecraft:stone_brick_stairs":26,"minecraft:shield":6,"minecraft:music_disc_cat":10,"minecraft:string":135,"minecraft:iron_shovel":1,"realisticforgingores:smithing_stone_hammer":8,"minecraft:cracked_stone_bricks":20,"minecraft:candle":30,"minecraft:beef":20,"minecraft:rose_bush":1,"minecraft:iron_pickaxe":2,"minecraft:sugar_cane":20,"minecraft:birch_sapling":11,"minecraft:egg":2,"minecraft:furnace":3,"minecraft:golden_helmet":1,"minecraft:stick":17,"realisticforgingores:big_stone":6,"realisticforgingores:smithing_hammer":5,"realisticforgingores:two_sticks":10,"minecraft:diorite":14,"minecraft:stone_sword":23,"minecraft:arrow":53,"minecraft:rotten_flesh":43,"minecraft:golden_hoe":13,"minecraft:saddle":7,"minecraft:mutton":2,"minecraft:cod":1,"minecraft:white_wool":1,"minecraft:cobblestone":635,"minecraft:birch_log":42,"minecraft:feather":3,"minecraft:oxidized_copper":33,"minecraft:salmon":6,"minecraft:andesite":35,"minecraft:leather":20,"minecraft:golden_leggings":2,"realisticforgingores:hotrawironore":6,"minecraft:birch_planks":497,"alexsmobs:bear_fur":4,"minecraft:flint":18,"realisticforgingores:copperore":231,"minecraft:oak_log":10,"minecraft:gunpowder":6,"minecraft:dirt":197,"realisticforgingores:raw_iron_ore":11,"minecraft:bone":46,"realisticforgingores:stickhotrawiron":1,"quality_of_progression:flint_tool":7,"minecraft:stone_bricks":59,"minecraft:bow":3,"minecraft:wheat_seeds":5,"minecraft:iron_ingot":71,"minecraft:stone_pickaxe":23,"minecraft:mossy_stone_bricks":2,"minecraft:oak_planks":8,"minecraft:oxidized_cut_copper":4,"minecraft:mossy_stone_brick_stairs":18,"minecraft:birch_boat":2,"minecraft:stone_brick_slab":3,"minecraft:gravel":16,"minecraft:sand":15,"majruszsdifficulty:bandage":8,"minecraft:white_bed":1,"minecraft:dead_bush":5,"alexsmobs:animal_dictionary":9,"minecraft:mossy_cobblestone":3,"alexsmobs:raw_catfish":7,"minecraft:polished_andesite":15,"minecraft:sugar":1,"realisticforgingores:cleanedironore":57,"minecraft:stone_axe":15,"realistictorches:unlit_torch":8,"minecraft:granite":50,"minecraft:bone_meal":21,"alexsmobs:maggot":1,"minecraft:oak_sapling":4,"minecraft:melon_seeds":20,"minecraft:coal":258},"minecraft:custom":{"minecraft:mob_kills":55,"minecraft:interact_with_crafting_table":63,"minecraft:leave_game":1,"minecraft:time_since_death":8225,"minecraft:climb_one_cm":322,"minecraft:sprint_one_cm":803012,"minecraft:walk_one_cm":625503,"minecraft:damage_blocked_by_shield":1470,"minecraft:drop":91,"minecraft:play_time":218595,"minecraft:deaths":34,"minecraft:sneak_time":8072,"minecraft:walk_under_water_one_cm":45944,"minecraft:jump":3355,"minecraft:walk_on_water_one_cm":56458,"minecraft:total_world_time":218595,"minecraft:interact_with_furnace":33,"minecraft:sleep_in_bed":7,"minecraft:time_since_rest":8252,"minecraft:damage_taken":9955,"minecraft:damage_dealt":9426,"minecraft:swim_one_cm":165570,"minecraft:fly_one_cm":324434,"minecraft:player_kills":1,"minecraft:open_chest":29,"minecraft:crouch_one_cm":14648,"minecraft:fall_one_cm":58402},"minecraft:mined":{"minecraft:white_bed":1,"minecraft:mossy_cobblestone":4,"minecraft:candle":3,"minecraft:granite":17,"minecraft:potted_dead_bush":2,"minecraft:grass_block":13,"realistictorches:torch":3,"minecraft:furnace":1,"minecraft:iron_ore":4,"minecraft:andesite":8,"minecraft:mossy_stone_brick_stairs":1,"minecraft:stone":199,"realisticforgingores:big_stone":3,"minecraft:stone_brick_slab":1,"minecraft:powder_snow":3,"minecraft:crafting_table":1,"minecraft:oxidized_copper":5,"minecraft:rose_bush":1,"minecraft:cobblestone":11,"minecraft:copper_ore":21,"minecraft:sugar_cane":8,"minecraft:diorite":5,"minecraft:birch_sapling":3,"minecraft:birch_log":33,"minecraft:birch_door":1,"minecraft:birch_leaves":102,"minecraft:stone_brick_stairs":3,"minecraft:grass":6,"minecraft:oak_log":8,"minecraft:sand":10,"minecraft:gravel":17,"minecraft:flower_pot":2,"minecraft:dirt":48,"minecraft:cobweb":5,"minecraft:cracked_stone_bricks":6,"minecraft:stone_bricks":7,"minecraft:polished_andesite":2,"minecraft:oak_leaves":49}},"DataVersion":3465}