{"stats":{"minecraft:dropped":{"minecraft:stone_axe":4,"minecraft:sugar_cane":1,"minecraft:birch_planks":7,"minecraft:wheat_seeds":3,"minecraft:birch_sapling":6,"minecraft:cobblestone":3,"minecraft:rotten_flesh":2,"realisticforgingores:copperore":49,"minecraft:dirt":3,"minecraft:andesite":13,"minecraft:stone_pickaxe":2,"minecraft:birch_log":4},"minecraft:killed":{"minecraft:sheep":2,"minecraft:zombie":2,"minecraft:drowned":2,"minecraft:cow":4},"minecraft:used":{"minecraft:stone_sword":22,"minecraft:birch_planks":6,"minecraft:stone_pickaxe":41,"minecraft:wooden_pickaxe":8,"minecraft:rotten_flesh":3,"minecraft:dirt":2,"minecraft:mutton":2,"minecraft:crafting_table":2,"minecraft:cod":1,"quality_of_progression:flint_tool":12,"minecraft:birch_sapling":5,"minecraft:gravel":1,"minecraft:cobblestone":5,"minecraft:beef":5},"minecraft:killed_by":{"minecraft:creeper":1,"minecraft:zombie":1,"minecraft:enderman":1},"minecraft:crafted":{"minecraft:crafting_table":1,"minecraft:wooden_pickaxe":1,"realisticforgingores:two_sticks":1,"minecraft:birch_planks":84,"minecraft:stick":8,"minecraft:stone_pickaxe":2,"minecraft:stone_sword":1},"minecraft:picked_up":{"minecraft:birch_log":16,"minecraft:crafting_table":1,"minecraft:andesite":21,"minecraft:leather":2,"minecraft:birch_planks":20,"minecraft:golden_shovel":1,"minecraft:flint":5,"realisticforgingores:copperore":90,"minecraft:dirt":10,"quality_of_progression:flint_tool":1,"minecraft:wheat_seeds":5,"minecraft:stone_pickaxe":3,"minecraft:beef":8,"minecraft:rose_bush":1,"minecraft:sugar_cane":7,"minecraft:birch_sapling":11,"minecraft:stick":1,"realisticforgingores:big_stone":1,"minecraft:gravel":4,"minecraft:diorite":4,"alexsmobs:animal_dictionary":2,"minecraft:stone_sword":1,"minecraft:rotten_flesh":5,"minecraft:stone_axe":4,"minecraft:golden_hoe":1,"minecraft:mutton":2,"minecraft:cod":1,"minecraft:white_wool":1,"minecraft:cobblestone":18},"minecraft:custom":{"minecraft:mob_kills":5,"minecraft:interact_with_crafting_table":11,"minecraft:leave_game":1,"minecraft:time_since_death":10018,"minecraft:sleep_in_bed":1,"minecraft:time_since_rest":344,"minecraft:sprint_one_cm":174869,"minecraft:damage_taken":992,"minecraft:walk_one_cm":100455,"minecraft:drop":46,"minecraft:damage_dealt":852,"minecraft:swim_one_cm":11579,"minecraft:fly_one_cm":66798,"minecraft:open_chest":2,"minecraft:crouch_one_cm":1089,"minecraft:play_time":38595,"minecraft:deaths":3,"minecraft:sneak_time":386,"minecraft:walk_under_water_one_cm":1987,"minecraft:jump":677,"minecraft:walk_on_water_one_cm":2645,"minecraft:total_world_time":38595,"minecraft:fall_one_cm":14296},"minecraft:mined":{"minecraft:powder_snow":3,"minecraft:grass_block":3,"minecraft:rose_bush":1,"minecraft:copper_ore":13,"minecraft:sugar_cane":1,"minecraft:diorite":3,"minecraft:birch_sapling":3,"minecraft:birch_log":11,"minecraft:birch_leaves":100,"minecraft:andesite":7,"minecraft:grass":1,"minecraft:gravel":7,"minecraft:dirt":4,"minecraft:stone":25,"realisticforgingores:big_stone":1}},"DataVersion":3465}