{"stats":{"minecraft:dropped":{"minecraft:stone_axe":4,"minecraft:sugar_cane":1,"minecraft:birch_planks":7,"minecraft:wheat_seeds":3,"minecraft:birch_sapling":6,"minecraft:cobblestone":3,"minecraft:rotten_flesh":2,"realisticforgingores:copperore":49,"minecraft:dirt":3,"minecraft:andesite":13,"minecraft:stone_pickaxe":2,"minecraft:birch_log":4,"minecraft:bone":1},"minecraft:killed":{"minecraft:spider":2,"minecraft:skeleton":2,"minecraft:sheep":2,"minecraft:zombie":8,"minecraft:drowned":2,"minecraft:cow":6},"minecraft:used":{"minecraft:stone_sword":49,"minecraft:birch_planks":19,"minecraft:stone_pickaxe":42,"minecraft:wooden_pickaxe":8,"minecraft:rotten_flesh":7,"minecraft:dirt":2,"minecraft:mutton":2,"minecraft:crafting_table":2,"minecraft:cod":1,"minecraft:granite":2,"quality_of_progression:flint_tool":12,"minecraft:birch_sapling":5,"minecraft:gravel":1,"minecraft:cobblestone":6,"minecraft:beef":7},"minecraft:killed_by":{"minecraft:skeleton":1,"minecraft:creeper":1,"minecraft:zombie":1,"minecraft:enderman":1},"minecraft:crafted":{"minecraft:crafting_table":1,"minecraft:wooden_pickaxe":1,"realisticforgingores:two_sticks":1,"minecraft:birch_planks":84,"minecraft:stick":8,"minecraft:stone_pickaxe":2,"minecraft:stone_sword":1},"minecraft:picked_up":{"minecraft:birch_log":16,"minecraft:crafting_table":1,"minecraft:andesite":21,"minecraft:leather":2,"minecraft:birch_planks":179,"minecraft:golden_shovel":3,"minecraft:flint":7,"realisticforgingores:copperore":113,"minecraft:dirt":10,"minecraft:bone":2,"quality_of_progression:flint_tool":1,"minecraft:wheat_seeds":5,"minecraft:stone_pickaxe":5,"minecraft:beef":10,"minecraft:rose_bush":1,"minecraft:sugar_cane":7,"minecraft:birch_sapling":11,"minecraft:stick":1,"realisticforgingores:big_stone":1,"minecraft:gravel":4,"minecraft:diorite":4,"alexsmobs:animal_dictionary":2,"minecraft:stone_sword":3,"minecraft:arrow":2,"minecraft:rotten_flesh":9,"minecraft:stone_axe":4,"minecraft:golden_hoe":3,"minecraft:granite":2,"minecraft:coal":54,"minecraft:mutton":2,"minecraft:cod":1,"minecraft:white_wool":1,"minecraft:cobblestone":19},"minecraft:custom":{"minecraft:mob_kills":11,"minecraft:interact_with_crafting_table":11,"minecraft:leave_game":1,"minecraft:time_since_death":8031,"minecraft:sleep_in_bed":1,"minecraft:time_since_rest":8060,"minecraft:sprint_one_cm":239854,"minecraft:damage_taken":1685,"minecraft:walk_one_cm":143306,"minecraft:drop":47,"minecraft:damage_dealt":1720,"minecraft:swim_one_cm":11579,"minecraft:fly_one_cm":89707,"minecraft:open_chest":2,"minecraft:crouch_one_cm":2965,"minecraft:play_time":50595,"minecraft:deaths":5,"minecraft:sneak_time":986,"minecraft:walk_under_water_one_cm":1987,"minecraft:jump":995,"minecraft:walk_on_water_one_cm":2645,"minecraft:total_world_time":50595,"minecraft:fall_one_cm":21384},"minecraft:mined":{"minecraft:powder_snow":3,"minecraft:grass_block":3,"minecraft:rose_bush":1,"minecraft:copper_ore":13,"minecraft:sugar_cane":1,"minecraft:diorite":3,"minecraft:birch_sapling":3,"minecraft:birch_log":11,"minecraft:birch_leaves":100,"minecraft:andesite":7,"minecraft:grass":4,"minecraft:gravel":7,"minecraft:dirt":4,"minecraft:stone":26,"realisticforgingores:big_stone":1}},"DataVersion":3465}