{"stats":{"minecraft:dropped":{"minecraft:dirt":3,"minecraft:birch_planks":7,"minecraft:sugar_cane":1,"minecraft:wheat_seeds":3,"minecraft:birch_sapling":4,"minecraft:cobblestone":3,"minecraft:rotten_flesh":2,"minecraft:birch_log":4},"minecraft:used":{"quality_of_progression:flint_tool":12,"minecraft:stone_sword":13,"minecraft:birch_planks":6,"minecraft:stone_pickaxe":12,"minecraft:birch_sapling":5,"minecraft:wooden_pickaxe":8,"minecraft:gravel":1,"minecraft:rotten_flesh":1,"minecraft:mutton":2,"minecraft:dirt":2,"minecraft:beef":2,"minecraft:crafting_table":2,"minecraft:cod":1},"minecraft:killed":{"minecraft:sheep":2,"minecraft:zombie":2,"minecraft:drowned":2,"minecraft:cow":4},"minecraft:killed_by":{"minecraft:creeper":1,"minecraft:zombie":1},"minecraft:crafted":{"minecraft:crafting_table":1,"minecraft:stick":8,"minecraft:wooden_pickaxe":1,"minecraft:stone_pickaxe":2,"minecraft:stone_sword":1,"realisticforgingores:two_sticks":1,"minecraft:birch_planks":84},"minecraft:picked_up":{"minecraft:birch_log":16,"minecraft:crafting_table":1,"minecraft:stick":1,"realisticforgingores:big_stone":1,"minecraft:leather":2,"minecraft:gravel":4,"minecraft:birch_planks":20,"minecraft:flint":4,"minecraft:dirt":10,"alexsmobs:animal_dictionary":2,"minecraft:rotten_flesh":3,"quality_of_progression:flint_tool":1,"minecraft:wheat_seeds":5,"minecraft:beef":5,"minecraft:rose_bush":1,"minecraft:sugar_cane":7,"minecraft:mutton":2,"minecraft:birch_sapling":9,"minecraft:cod":1,"minecraft:white_wool":1,"minecraft:cobblestone":13},"minecraft:custom":{"minecraft:time_since_rest":3129,"minecraft:sprint_one_cm":106197,"minecraft:damage_taken":545,"minecraft:walk_one_cm":83134,"minecraft:mob_kills":5,"minecraft:drop":24,"minecraft:damage_dealt":674,"minecraft:open_chest":2,"minecraft:interact_with_crafting_table":7,"minecraft:swim_one_cm":11579,"minecraft:fly_one_cm":36380,"minecraft:crouch_one_cm":286,"minecraft:play_time":26595,"minecraft:deaths":2,"minecraft:sneak_time":98,"minecraft:walk_under_water_one_cm":1987,"minecraft:jump":378,"minecraft:leave_game":1,"minecraft:time_since_death":3096,"minecraft:walk_on_water_one_cm":2645,"minecraft:total_world_time":26595,"minecraft:fall_one_cm":6555},"minecraft:mined":{"minecraft:birch_sapling":3,"minecraft:birch_log":11,"minecraft:birch_leaves":100,"minecraft:powder_snow":3,"minecraft:grass":1,"minecraft:grass_block":3,"minecraft:rose_bush":1,"minecraft:gravel":7,"minecraft:dirt":4,"minecraft:stone":19,"minecraft:sugar_cane":1,"realisticforgingores:big_stone":1}},"DataVersion":3465}