{"stats":{"minecraft:dropped":{"minecraft:dirt":9,"minecraft:birch_sapling":1,"minecraft:rotten_flesh":3,"minecraft:stick":2},"minecraft:used":{"quality_of_progression:flint_tool":57,"minecraft:stone_pickaxe":25,"minecraft:wooden_pickaxe":3,"minecraft:white_wool":1,"minecraft:dirt":13,"minecraft:crafting_table":2,"minecraft:birch_log":7,"minecraft:cod":3},"minecraft:killed":{"minecraft:sheep":2,"minecraft:zombie":4,"majruszsdifficulty:cursed_armor":2,"minecraft:cod":8},"minecraft:killed_by":{"minecraft:drowned":1,"minecraft:zombie":1},"minecraft:crafted":{"minecraft:crafting_table":1,"minecraft:stick":4,"minecraft:flint":1,"minecraft:wooden_pickaxe":1,"quality_of_progression:flint_tool":1,"minecraft:stone_pickaxe":1,"minecraft:birch_planks":60},"minecraft:picked_up":{"minecraft:birch_log":29,"minecraft:crafting_table":3,"minecraft:stick":5,"realisticforgingores:big_stone":2,"minecraft:leather":2,"minecraft:wooden_pickaxe":2,"realisticforgingores:two_sticks":1,"minecraft:birch_planks":118,"minecraft:gravel":1,"minecraft:flint":1,"minecraft:dirt":24,"alexsmobs:animal_dictionary":4,"minecraft:stone_sword":1,"minecraft:rotten_flesh":3,"quality_of_progression:flint_tool":3,"minecraft:wheat_seeds":1,"minecraft:beef":3,"minecraft:stone_pickaxe":3,"minecraft:bone_meal":4,"minecraft:mutton":2,"minecraft:sugar_cane":9,"minecraft:birch_sapling":3,"minecraft:coal":1,"minecraft:cod":4,"minecraft:white_wool":3,"minecraft:cobblestone":28},"minecraft:custom":{"minecraft:time_since_rest":8221,"minecraft:sprint_one_cm":13508,"minecraft:damage_taken":681,"minecraft:walk_one_cm":79687,"minecraft:mob_kills":8,"minecraft:drop":14,"minecraft:damage_dealt":1001,"minecraft:swim_one_cm":1247,"minecraft:interact_with_crafting_table":2,"minecraft:fly_one_cm":3167,"minecraft:open_chest":3,"minecraft:crouch_one_cm":21944,"minecraft:play_time":25336,"minecraft:deaths":2,"minecraft:sneak_time":6003,"minecraft:walk_under_water_one_cm":7551,"minecraft:damage_dealt_resisted":33,"minecraft:jump":192,"minecraft:leave_game":1,"minecraft:walk_on_water_one_cm":1210,"minecraft:time_since_death":8195,"minecraft:total_world_time":25336,"minecraft:fall_one_cm":2519},"minecraft:mined":{"minecraft:birch_log":25,"minecraft:birch_leaves":74,"minecraft:powder_snow":2,"minecraft:crafting_table":2,"minecraft:grass":3,"minecraft:grass_block":2,"minecraft:coal_ore":7,"minecraft:gravel":1,"minecraft:dirt":12,"minecraft:stone":20,"minecraft:sugar_cane":1,"minecraft:white_wool":1,"realisticforgingores:big_stone":1}},"DataVersion":3465}