{"stats":{"minecraft:dropped":{"minecraft:stone_axe":1,"minecraft:birch_planks":7,"alexsmobs:animal_dictionary":1,"minecraft:birch_sapling":1,"minecraft:rotten_flesh":7,"minecraft:granite":2,"minecraft:golden_shovel":1,"realisticforgingores:copperore":25,"minecraft:stick":2,"minecraft:flint":1,"minecraft:dirt":9,"realisticforgingores:hotrawironore":3,"minecraft:andesite":30,"minecraft:golden_hoe":1,"minecraft:beef":3,"minecraft:stone_pickaxe":3,"minecraft:birch_log":7},"minecraft:killed":{"majruszsdifficulty:cursed_armor":2,"minecraft:cod":8,"minecraft:creeper":4,"minecraft:skeleton":4,"minecraft:sheep":2,"minecraft:zombie":16},"minecraft:used":{"realisticforgingores:big_stone":1,"minecraft:diorite":1,"minecraft:birch_planks":40,"minecraft:stone_pickaxe":140,"minecraft:wooden_pickaxe":3,"minecraft:rotten_flesh":1,"minecraft:white_wool":1,"minecraft:dirt":20,"minecraft:mutton":2,"minecraft:crafting_table":7,"minecraft:white_bed":1,"minecraft:cod":3,"minecraft:granite":2,"quality_of_progression:flint_tool":136,"realistictorches:lit_torch":28,"minecraft:iron_pickaxe":75,"quality_of_progression:bone_tool":19,"minecraft:golden_leggings":1,"minecraft:golden_helmet":1,"minecraft:cobblestone":6,"minecraft:furnace":1,"minecraft:andesite":14,"minecraft:birch_log":7},"minecraft:broken":{"quality_of_progression:flint_tool":2},"minecraft:killed_by":{"minecraft:spider":1,"minecraft:zombie":1,"minecraft:drowned":1},"minecraft:crafted":{"minecraft:crafting_table":2,"quality_of_progression:flint_tool":1,"minecraft:wooden_pickaxe":1,"realisticforgingores:two_sticks":3,"minecraft:birch_slab":6,"minecraft:furnace":1,"minecraft:birch_planks":60,"realistictorches:matchbox":1,"realisticforgingores:hotrawironore":2,"minecraft:paper":3,"minecraft:stick":20,"minecraft:flint":2,"quality_of_progression:bone_tool":1,"minecraft:iron_pickaxe":1,"minecraft:stone_pickaxe":1,"realistictorches:unlit_torch":28,"minecraft:white_bed":1,"realisticforgingores:smithing_stone_hammer":1,"realistictorches:lit_torch":28},"minecraft:picked_up":{"minecraft:birch_log":43,"minecraft:crafting_table":7,"minecraft:andesite":46,"minecraft:leather":6,"minecraft:golden_leggings":1,"realisticforgingores:hotrawironore":4,"minecraft:wooden_pickaxe":2,"minecraft:birch_planks":196,"minecraft:golden_shovel":1,"minecraft:flint":2,"realisticforgingores:copperore":129,"minecraft:gunpowder":2,"minecraft:dirt":29,"realisticforgingores:raw_iron_ore":33,"minecraft:iron_shovel":2,"minecraft:bone":1,"realisticforgingores:smithing_stone_hammer":1,"quality_of_progression:flint_tool":5,"minecraft:wheat_seeds":1,"minecraft:gold_nugget":21,"minecraft:iron_ingot":1,"minecraft:beef":6,"minecraft:stone_pickaxe":9,"minecraft:sugar_cane":14,"minecraft:birch_sapling":5,"minecraft:furnace":1,"minecraft:golden_helmet":1,"minecraft:stick":16,"realisticforgingores:big_stone":6,"realisticforgingores:two_sticks":1,"minecraft:gravel":2,"minecraft:diorite":1,"alexsmobs:animal_dictionary":7,"minecraft:stone_sword":1,"minecraft:arrow":6,"minecraft:rotten_flesh":9,"realisticforgingores:cleanedironore":5,"minecraft:stone_axe":1,"minecraft:golden_hoe":1,"minecraft:granite":4,"minecraft:bone_meal":8,"minecraft:mutton":2,"minecraft:cod":4,"minecraft:coal":163,"minecraft:white_wool":5,"minecraft:cobblestone":116},"minecraft:custom":{"minecraft:interact_with_furnace":9,"minecraft:mob_kills":18,"minecraft:interact_with_crafting_table":18,"minecraft:damage_dealt_resisted":33,"minecraft:leave_game":1,"minecraft:time_since_death":284,"minecraft:sleep_in_bed":1,"minecraft:time_since_rest":314,"minecraft:sprint_one_cm":26084,"minecraft:damage_taken":1213,"minecraft:walk_one_cm":213630,"minecraft:drop":61,"minecraft:damage_dealt":3322,"minecraft:swim_one_cm":1247,"minecraft:fly_one_cm":11651,"minecraft:open_chest":3,"minecraft:crouch_one_cm":26339,"minecraft:play_time":61336,"minecraft:deaths":4,"minecraft:sneak_time":7562,"minecraft:walk_under_water_one_cm":11473,"minecraft:jump":571,"minecraft:walk_on_water_one_cm":1931,"minecraft:total_world_time":61336,"minecraft:fall_one_cm":8704},"minecraft:mined":{"minecraft:powder_snow":2,"minecraft:crafting_table":6,"minecraft:granite":4,"minecraft:grass_block":2,"minecraft:copper_ore":14,"minecraft:sugar_cane":1,"minecraft:diorite":1,"minecraft:birch_planks":11,"minecraft:furnace":1,"minecraft:iron_ore":13,"minecraft:birch_log":32,"minecraft:birch_leaves":74,"minecraft:andesite":8,"minecraft:peony":1,"minecraft:grass":3,"minecraft:coal_ore":126,"minecraft:gravel":2,"minecraft:dirt":12,"minecraft:stone":48,"minecraft:white_wool":1,"realisticforgingores:big_stone":2}},"DataVersion":3465}