{"stats":{"minecraft:dropped":{"minecraft:iron_ingot":11,"minecraft:birch_planks":45,"minecraft:wheat_seeds":1,"minecraft:oak_log":2,"minecraft:oxidized_cut_copper":2,"minecraft:cobblestone":9,"minecraft:iron_helmet":1,"minecraft:granite":2,"minecraft:mossy_stone_brick_stairs":2,"minecraft:cracked_stone_bricks":7,"minecraft:saddle":1,"minecraft:coal":18,"minecraft:pufferfish":1,"minecraft:polished_andesite":9,"minecraft:stick":6,"minecraft:flint":1,"realisticforgingores:cleanedironore":1,"minecraft:dirt":16,"realisticforgingores:hotrawironore":6,"minecraft:dead_bush":3,"minecraft:bone_meal":10,"minecraft:golden_hoe":1,"realistictorches:unlit_torch":3,"minecraft:string":2,"minecraft:birch_log":7,"minecraft:lily_pad":2,"minecraft:music_disc_cat":1,"minecraft:bone":4,"minecraft:stone_axe":2,"minecraft:stone_sword":2,"alexsmobs:animal_dictionary":4,"minecraft:birch_sapling":1,"minecraft:rotten_flesh":30,"minecraft:golden_shovel":2,"realisticforgingores:copperore":25,"minecraft:white_bed":2,"realisticforgingores:panwithcopperdust":1,"quality_of_progression:flint_tool":4,"minecraft:shield":3,"minecraft:gunpowder":1,"realisticforgingores:smithing_stone_hammer":2,"minecraft:andesite":33,"minecraft:melon_seeds":2,"minecraft:oak_sapling":1,"realisticforgingores:panwithcopperore":1,"minecraft:stone_bricks":7,"minecraft:spider_eye":2,"minecraft:arrow":3,"minecraft:beef":3,"minecraft:stone_pickaxe":9,"minecraft:stone_brick_stairs":4},"minecraft:killed":{"minecraft:spider":2,"minecraft:cod":8,"minecraft:skeleton":14,"minecraft:guardian":4,"majruszsdifficulty:creeperling":2,"minecraft:drowned":30,"minecraft:husk":8,"minecraft:salmon":6,"majruszsdifficulty:cursed_armor":4,"minecraft:creeper":4,"minecraft:sheep":2,"minecraft:zombie":54,"minecraft:cow":2},"minecraft:used":{"realisticforgingores:big_stone":5,"minecraft:stone_sword":35,"minecraft:flint_and_steel":2,"minecraft:chest":4,"minecraft:shield":65,"minecraft:cooked_salmon":8,"minecraft:rotten_flesh":11,"minecraft:iron_chestplate":3,"minecraft:dirt":61,"minecraft:mutton":2,"minecraft:carrot":7,"minecraft:granite":4,"minecraft:birch_door":8,"quality_of_progression:flint_tool":149,"majruszsdifficulty:angler_treasure_bag":1,"realistictorches:lit_torch":106,"minecraft:iron_axe":157,"minecraft:iron_helmet":2,"minecraft:iron_boots":3,"minecraft:beef":2,"minecraft:oxidized_copper":3,"minecraft:furnace":7,"minecraft:cooked_cod":19,"minecraft:skeleton_skull":1,"minecraft:wheat_seeds":11,"minecraft:water_bucket":3,"minecraft:diorite":1,"minecraft:birch_planks":88,"minecraft:stone_pickaxe":173,"minecraft:oak_planks":5,"minecraft:wooden_pickaxe":3,"minecraft:birch_boat":5,"minecraft:cauldron":2,"minecraft:sugar_cane":8,"minecraft:white_wool":1,"minecraft:salmon":4,"minecraft:golden_hoe":20,"minecraft:blast_furnace":1,"minecraft:crafting_table":16,"minecraft:white_bed":4,"minecraft:cod":5,"realisticforgingores:smithing_anvil":1,"minecraft:flower_pot":1,"minecraft:iron_pickaxe":460,"minecraft:birch_slab":4,"minecraft:string":5,"minecraft:bread":2,"quality_of_progression:copper_shovel":28,"minecraft:map":1,"quality_of_progression:copper_pickaxe":2,"quality_of_progression:bone_tool":58,"minecraft:gravel":1,"minecraft:golden_leggings":7,"minecraft:golden_helmet":3,"minecraft:stone_axe":23,"minecraft:fishing_rod":31,"minecraft:cobblestone":123,"minecraft:andesite":19,"minecraft:bucket":3,"minecraft:birch_log":7,"realistictorches:unlit_torch":5},"minecraft:broken":{"minecraft:golden_helmet":1,"realistictorches:matchbox":1,"minecraft:iron_axe":1,"minecraft:iron_pickaxe":2,"quality_of_progression:flint_tool":2,"quality_of_progression:bone_tool":1},"minecraft:killed_by":{"minecraft:husk":1,"minecraft:player":1,"minecraft:stray":1,"minecraft:spider":3,"minecraft:drowned":2,"minecraft:skeleton":1,"minecraft:zombie":6},"minecraft:picked_up":{"minecraft:iron_chestplate":7,"minecraft:birch_door":4,"minecraft:crafting_table":16,"minecraft:wheat":3,"minecraft:flower_pot":1,"minecraft:clay_ball":4,"minecraft:wooden_pickaxe":2,"minecraft:golden_shovel":2,"minecraft:stone_brick_stairs":5,"minecraft:shield":15,"minecraft:music_disc_cat":1,"minecraft:string":73,"realisticforgingores:panwithcopperdust":1,"minecraft:cooked_salmon":8,"minecraft:iron_axe":5,"minecraft:pufferfish":1,"minecraft:iron_shovel":8,"realisticforgingores:smithing_stone_hammer":6,"minecraft:cracked_stone_bricks":9,"minecraft:gold_nugget":93,"realistictorches:matchbox":9,"minecraft:beef":8,"minecraft:iron_pickaxe":15,"minecraft:sugar_cane":39,"minecraft:chest":1,"minecraft:birch_sapling":23,"minecraft:iron_boots":7,"minecraft:furnace":6,"minecraft:golden_helmet":8,"minecraft:stick":52,"realisticforgingores:big_stone":20,"realisticforgingores:smithing_hammer":1,"minecraft:copper_ingot":2,"realisticforgingores:two_sticks":2,"minecraft:diorite":1,"minecraft:cauldron":1,"minecraft:stone_sword":5,"minecraft:arrow":39,"minecraft:rotten_flesh":61,"minecraft:cooked_cod":11,"minecraft:golden_hoe":2,"realistictorches:lit_torch":96,"minecraft:saddle":1,"minecraft:mutton":2,"minecraft:cod":28,"minecraft:skeleton_skull":1,"minecraft:white_wool":5,"minecraft:cobblestone":833,"minecraft:nautilus_shell":5,"minecraft:birch_log":185,"minecraft:oxidized_copper":3,"minecraft:andesite":74,"quality_of_progression:bone_tool":3,"minecraft:glow_ink_sac":3,"minecraft:tripwire_hook":1,"minecraft:birch_slab":19,"minecraft:salmon":12,"minecraft:leather":15,"minecraft:golden_leggings":14,"realisticforgingores:hotrawironore":10,"majruszsdifficulty:tattered_helmet":1,"minecraft:birch_planks":514,"minecraft:flint":11,"realisticforgingores:copperore":532,"minecraft:oak_log":2,"minecraft:lily_pad":2,"minecraft:gunpowder":7,"realisticforgingores:blacksmithstongs":1,"minecraft:dirt":110,"minecraft:name_tag":1,"realisticforgingores:raw_iron_ore":651,"minecraft:bone":52,"realisticforgingores:stickhotrawiron":6,"quality_of_progression:flint_tool":13,"minecraft:stone_bricks":9,"minecraft:bow":4,"minecraft:wheat_seeds":16,"majruszsdifficulty:tattered_leggings":1,"minecraft:stone_pickaxe":21,"minecraft:iron_ingot":25,"minecraft:oak_planks":9,"minecraft:mossy_stone_brick_stairs":2,"minecraft:oxidized_cut_copper":6,"minecraft:birch_boat":2,"realisticforgingores:panwithcopperore":1,"minecraft:gravel":3,"minecraft:white_bed":3,"minecraft:dead_bush":3,"minecraft:spider_eye":3,"alexsmobs:animal_dictionary":18,"minecraft:polished_andesite":12,"realisticforgingores:cleanedironore":267,"minecraft:stone_axe":4,"realistictorches:unlit_torch":51,"minecraft:iron_helmet":3,"minecraft:granite":21,"minecraft:bone_meal":18,"minecraft:bread":1,"minecraft:oak_sapling":2,"minecraft:melon_seeds":2,"minecraft:coal":1076},"minecraft:crafted":{"minecraft:brick":4,"realisticforgingores:carvinghammer":1,"minecraft:smooth_stone":3,"minecraft:fishing_rod":1,"minecraft:iron_nugget":18,"minecraft:birch_boat":4,"realisticforgingores:barshapedmold":1,"realisticforgingores:two_sticks":6,"minecraft:birch_slab":12,"minecraft:furnace":6,"minecraft:blast_furnace":1,"minecraft:stone":3,"realisticforgingores:smithing_hammer":2,"minecraft:bone_meal":6,"minecraft:flint_and_steel":1,"realistictorches:matchbox":2,"realisticforgingores:pan":1,"quality_of_progression:copper_shovel":1,"minecraft:iron_boots":1,"minecraft:iron_axe":2,"realisticforgingores:bigpan":1,"quality_of_progression:bone_tool":1,"minecraft:stone_pickaxe":1,"realistictorches:unlit_torch":160,"minecraft:chest":3,"minecraft:birch_door":6,"realisticforgingores:chisel":1,"realisticforgingores:smithing_stone_hammer":2,"minecraft:cooked_cod":13,"minecraft:cauldron":1,"minecraft:crafting_table":8,"realisticforgingores:woodpestle":1,"quality_of_progression:flint_tool":3,"realisticforgingores:panwithmeltedcopper":5,"minecraft:wooden_pickaxe":1,"minecraft:cooked_salmon":8,"minecraft:bucket":1,"quality_of_progression:copper_pickaxe":1,"minecraft:birch_planks":228,"minecraft:stone_axe":1,"minecraft:bread":8,"minecraft:air":0,"realisticforgingores:hotrawironore":116,"minecraft:iron_chestplate":2,"minecraft:white_wool":5,"minecraft:paper":6,"realisticforgingores:smithing_anvil":1,"minecraft:shield":2,"realisticforgingores:blacksmithstongs":1,"minecraft:stick":92,"minecraft:flint":2,"minecraft:iron_pickaxe":3,"minecraft:iron_block":1,"minecraft:stone_sword":1,"minecraft:white_bed":3,"realistictorches:lit_torch":121},"minecraft:custom":{"minecraft:mob_kills":72,"minecraft:interact_with_crafting_table":105,"minecraft:fill_cauldron":2,"minecraft:damage_dealt_resisted":33,"minecraft:leave_game":2,"minecraft:time_since_death":66211,"minecraft:sprint_one_cm":148429,"minecraft:walk_one_cm":1022623,"minecraft:damage_blocked_by_shield":4529,"minecraft:drop":190,"minecraft:play_time":328062,"minecraft:sneak_time":24655,"minecraft:deaths":17,"minecraft:walk_under_water_one_cm":75317,"minecraft:boat_one_cm":20,"minecraft:jump":2008,"minecraft:interact_with_blast_furnace":27,"minecraft:walk_on_water_one_cm":46094,"minecraft:total_world_time":328062,"minecraft:interact_with_furnace":429,"minecraft:sleep_in_bed":5,"minecraft:time_since_rest":22125,"minecraft:damage_taken":6601,"minecraft:damage_dealt":13334,"minecraft:swim_one_cm":130979,"minecraft:fly_one_cm":122330,"minecraft:open_chest":133,"minecraft:crouch_one_cm":83064,"minecraft:fish_caught":24,"minecraft:fall_one_cm":31302},"minecraft:mined":{"minecraft:white_bed":3,"minecraft:granite":6,"minecraft:grass_block":46,"minecraft:birch_slab":1,"minecraft:spawner":1,"minecraft:tall_seagrass":1,"realistictorches:torch":2,"minecraft:furnace":3,"minecraft:iron_ore":95,"minecraft:andesite":22,"minecraft:peony":1,"minecraft:mossy_stone_brick_stairs":4,"minecraft:water_cauldron":1,"minecraft:stone":203,"minecraft:white_wool":1,"realisticforgingores:big_stone":5,"minecraft:tripwire":5,"minecraft:powder_snow":2,"minecraft:clay":1,"minecraft:crafting_table":10,"minecraft:oxidized_copper":1,"minecraft:chest":1,"minecraft:copper_ore":15,"minecraft:cobblestone":12,"realistictorches:torch_wall":2,"minecraft:sugar_cane":4,"minecraft:diorite":1,"minecraft:birch_planks":18,"minecraft:wheat":3,"minecraft:birch_log":95,"minecraft:birch_leaves":75,"minecraft:birch_door":4,"minecraft:grass":45,"minecraft:coal_ore":197,"minecraft:gravel":4,"minecraft:dirt":19,"minecraft:cobweb":6,"minecraft:cracked_stone_bricks":4,"minecraft:stone_bricks":5,"minecraft:polished_andesite":4,"minecraft:oak_leaves":8}},"DataVersion":3465}