{"stats":{"minecraft:dropped":{"minecraft:rotten_flesh":1,"minecraft:dirt":7,"minecraft:birch_sapling":1},"minecraft:killed":{"minecraft:zombie":2,"minecraft:cod":8},"minecraft:used":{"minecraft:dirt":13,"minecraft:cod":3},"minecraft:picked_up":{"minecraft:rotten_flesh":1,"minecraft:bone_meal":2,"minecraft:sugar_cane":2,"minecraft:birch_sapling":1,"minecraft:cod":4,"minecraft:dirt":20},"minecraft:custom":{"minecraft:time_since_rest":13336,"minecraft:crouch_one_cm":16758,"minecraft:play_time":13336,"minecraft:sprint_one_cm":1582,"minecraft:damage_taken":56,"minecraft:walk_one_cm":38935,"minecraft:sneak_time":4294,"minecraft:walk_under_water_one_cm":7551,"minecraft:mob_kills":5,"minecraft:drop":9,"minecraft:jump":87,"minecraft:damage_dealt":385,"minecraft:leave_game":1,"minecraft:time_since_death":13336,"minecraft:walk_on_water_one_cm":1210,"minecraft:total_world_time":13336,"minecraft:swim_one_cm":1247,"minecraft:fall_one_cm":1497,"minecraft:fly_one_cm":1281},"minecraft:mined":{"minecraft:grass":2,"minecraft:grass_block":1,"minecraft:dirt":12,"minecraft:birch_leaves":69,"minecraft:sugar_cane":1}},"DataVersion":3465}