{"stats":{"minecraft:dropped":{"minecraft:birch_planks":45,"minecraft:oak_log":2,"minecraft:mossy_stone_brick_stairs":2,"minecraft:cracked_stone_bricks":7,"minecraft:saddle":1,"minecraft:flint":1,"realisticforgingores:cleanedironore":1,"minecraft:dirt":16,"realisticforgingores:hotrawironore":6,"minecraft:bone_meal":10,"minecraft:birch_log":7,"minecraft:bone":4,"minecraft:stone_axe":3,"alexsmobs:animal_dictionary":4,"minecraft:birch_sapling":1,"minecraft:rotten_flesh":30,"realisticforgingores:copperore":25,"minecraft:golden_shovel":2,"minecraft:white_bed":2,"quality_of_progression:flint_tool":4,"minecraft:gunpowder":1,"realisticforgingores:smithing_stone_hammer":2,"minecraft:melon_seeds":2,"realisticforgingores:panwithcopperore":1,"minecraft:arrow":3,"minecraft:beef":3,"minecraft:stone_brick_stairs":4,"minecraft:iron_ingot":11,"minecraft:wheat_seeds":1,"minecraft:oxidized_cut_copper":2,"minecraft:iron_helmet":1,"minecraft:cobblestone":9,"minecraft:granite":2,"minecraft:coal":18,"minecraft:stick":6,"minecraft:polished_andesite":9,"minecraft:pufferfish":1,"minecraft:dead_bush":3,"minecraft:golden_hoe":1,"realistictorches:unlit_torch":3,"minecraft:string":2,"minecraft:lily_pad":2,"minecraft:music_disc_cat":1,"minecraft:stone_sword":2,"realisticforgingores:panwithcopperdust":1,"minecraft:shield":3,"minecraft:andesite":33,"minecraft:golden_leggings":1,"minecraft:oak_sapling":1,"minecraft:spider_eye":2,"minecraft:stone_bricks":7,"minecraft:stone_pickaxe":9},"minecraft:killed":{"minecraft:spider":2,"minecraft:cod":8,"minecraft:skeleton":14,"minecraft:guardian":4,"majruszsdifficulty:creeperling":2,"minecraft:salmon":6,"minecraft:creeper":4,"minecraft:sheep":2,"minecraft:zombie":58,"minecraft:cow":2,"minecraft:drowned":34,"minecraft:husk":8,"majruszsdifficulty:cursed_armor":4},"minecraft:used":{"realisticforgingores:big_stone":5,"minecraft:chest":5,"minecraft:shield":73,"minecraft:rotten_flesh":11,"minecraft:iron_chestplate":4,"minecraft:mutton":2,"minecraft:carrot":7,"quality_of_progression:flint_tool":149,"minecraft:iron_helmet":2,"minecraft:furnace":7,"minecraft:cooked_cod":21,"minecraft:skeleton_skull":1,"minecraft:diorite":1,"minecraft:stone_pickaxe":173,"minecraft:oak_planks":5,"minecraft:wooden_pickaxe":3,"minecraft:sugar_cane":8,"minecraft:white_wool":1,"minecraft:golden_hoe":20,"minecraft:blast_furnace":1,"realisticforgingores:smithing_anvil":2,"minecraft:birch_slab":4,"minecraft:bread":9,"minecraft:string":5,"minecraft:gravel":1,"minecraft:golden_helmet":3,"minecraft:birch_log":7,"minecraft:andesite":19,"minecraft:stone_sword":35,"minecraft:flint_and_steel":2,"minecraft:cooked_salmon":8,"minecraft:dirt":61,"minecraft:anvil":1,"minecraft:hopper":2,"minecraft:granite":4,"minecraft:birch_door":9,"majruszsdifficulty:angler_treasure_bag":1,"minecraft:iron_axe":180,"realistictorches:lit_torch":106,"minecraft:iron_boots":4,"minecraft:beef":2,"minecraft:oxidized_copper":3,"minecraft:iron_leggings":2,"minecraft:wheat_seeds":16,"minecraft:water_bucket":5,"minecraft:birch_planks":91,"minecraft:birch_boat":5,"minecraft:cauldron":2,"minecraft:salmon":4,"minecraft:crafting_table":16,"minecraft:white_bed":4,"minecraft:cod":5,"minecraft:flower_pot":1,"quality_of_progression:copper_shovel":28,"minecraft:iron_pickaxe":470,"minecraft:map":1,"quality_of_progression:bone_tool":58,"quality_of_progression:copper_pickaxe":4,"minecraft:golden_leggings":7,"minecraft:stone_axe":23,"minecraft:fishing_rod":31,"minecraft:cobblestone":128,"minecraft:bucket":5,"realistictorches:unlit_torch":5},"minecraft:broken":{"minecraft:golden_helmet":1,"quality_of_progression:flint_tool":2,"realistictorches:matchbox":1,"minecraft:iron_axe":1,"minecraft:iron_pickaxe":2,"quality_of_progression:bone_tool":1},"minecraft:killed_by":{"minecraft:drowned":4,"minecraft:zombie":6,"minecraft:husk":1,"minecraft:player":1,"minecraft:stray":1,"minecraft:spider":3,"minecraft:skeleton":1},"minecraft:picked_up":{"minecraft:birch_door":5,"minecraft:iron_chestplate":8,"minecraft:wheat":7,"minecraft:flower_pot":1,"minecraft:golden_shovel":2,"minecraft:stone_brick_stairs":5,"minecraft:music_disc_cat":1,"realisticforgingores:panwithcopperdust":1,"minecraft:string":73,"minecraft:cooked_salmon":8,"minecraft:iron_leggings":1,"minecraft:pufferfish":1,"minecraft:gold_nugget":93,"minecraft:bucket":1,"minecraft:iron_pickaxe":16,"minecraft:furnace":6,"minecraft:iron_boots":9,"minecraft:golden_helmet":8,"minecraft:stick":65,"realisticforgingores:big_stone":20,"realisticforgingores:smithing_hammer":1,"minecraft:diorite":1,"minecraft:cauldron":1,"minecraft:stone_sword":5,"minecraft:rotten_flesh":61,"realistictorches:lit_torch":96,"minecraft:cod":28,"minecraft:cobblestone":863,"minecraft:nautilus_shell":5,"minecraft:birch_log":199,"minecraft:oxidized_copper":3,"quality_of_progression:bone_tool":3,"minecraft:birch_slab":19,"minecraft:andesite":74,"minecraft:golden_leggings":14,"minecraft:flint":11,"realisticforgingores:copperore":532,"realisticforgingores:blacksmithstongs":1,"minecraft:dirt":110,"minecraft:name_tag":1,"realisticforgingores:raw_iron_ore":651,"minecraft:bone":52,"quality_of_progression:flint_tool":13,"minecraft:bow":4,"minecraft:wheat_seeds":29,"minecraft:oak_planks":9,"minecraft:stone_hoe":1,"minecraft:mossy_stone_brick_stairs":2,"minecraft:dead_bush":3,"alexsmobs:animal_dictionary":18,"minecraft:polished_andesite":12,"minecraft:granite":21,"minecraft:bone_meal":18,"minecraft:bread":2,"minecraft:oak_sapling":2,"minecraft:crafting_table":16,"minecraft:clay_ball":4,"minecraft:wooden_pickaxe":2,"minecraft:shield":16,"minecraft:iron_axe":5,"minecraft:flint_and_steel":2,"minecraft:iron_shovel":8,"realisticforgingores:smithing_stone_hammer":6,"minecraft:cracked_stone_bricks":9,"realistictorches:matchbox":9,"minecraft:beef":8,"minecraft:chest":1,"minecraft:sugar_cane":39,"minecraft:birch_sapling":23,"minecraft:copper_ingot":7,"realisticforgingores:two_sticks":2,"minecraft:arrow":39,"minecraft:cooked_cod":12,"minecraft:golden_hoe":2,"minecraft:saddle":1,"minecraft:mutton":2,"minecraft:skeleton_skull":1,"minecraft:white_wool":5,"minecraft:tripwire_hook":1,"minecraft:glow_ink_sac":3,"minecraft:salmon":12,"minecraft:leather":15,"realisticforgingores:hotrawironore":10,"majruszsdifficulty:tattered_helmet":1,"minecraft:birch_planks":558,"minecraft:oak_log":2,"minecraft:lily_pad":2,"minecraft:gunpowder":7,"realisticforgingores:stickhotrawiron":6,"minecraft:stone_bricks":9,"majruszsdifficulty:tattered_leggings":1,"minecraft:iron_ingot":47,"minecraft:stone_pickaxe":21,"minecraft:oxidized_cut_copper":6,"quality_of_progression:copper_pickaxe":1,"minecraft:birch_boat":4,"realisticforgingores:panwithcopperore":1,"minecraft:gravel":3,"minecraft:white_bed":3,"minecraft:spider_eye":3,"realisticforgingores:cleanedironore":267,"minecraft:stone_axe":5,"realistictorches:unlit_torch":90,"minecraft:iron_helmet":4,"realisticforgingores:smithing_anvil":1,"minecraft:melon_seeds":2,"minecraft:coal":1076},"minecraft:crafted":{"minecraft:brick":4,"minecraft:smooth_stone":3,"realisticforgingores:wheatbroom":1,"minecraft:birch_boat":4,"minecraft:birch_slab":12,"minecraft:stone":3,"minecraft:hopper":2,"minecraft:iron_boots":1,"realisticforgingores:bigpan":1,"quality_of_progression:bone_tool":1,"minecraft:chest":6,"minecraft:birch_door":6,"realisticforgingores:chisel":1,"realisticforgingores:smithing_stone_hammer":3,"minecraft:cauldron":1,"minecraft:crafting_table":8,"realisticforgingores:woodpestle":1,"minecraft:wooden_pickaxe":1,"realisticforgingores:panwithmeltedcopper":5,"minecraft:birch_planks":292,"quality_of_progression:copper_pickaxe":1,"realisticforgingores:hotrawironore":123,"realisticforgingores:smithing_anvil":1,"minecraft:iron_chestplate":2,"minecraft:paper":6,"minecraft:shield":3,"realisticforgingores:blacksmithstongs":1,"minecraft:stick":100,"minecraft:iron_ingot":1,"minecraft:iron_pickaxe":3,"minecraft:iron_block":4,"minecraft:stone_sword":1,"realistictorches:lit_torch":121,"realisticforgingores:hotrawironnugget":11,"realisticforgingores:carvinghammer":1,"minecraft:fishing_rod":1,"minecraft:iron_nugget":18,"realisticforgingores:two_sticks":7,"realisticforgingores:barshapedmold":1,"minecraft:furnace":6,"minecraft:blast_furnace":1,"realisticforgingores:smithing_hammer":3,"minecraft:bone_meal":6,"realisticforgingores:pan":1,"realistictorches:matchbox":2,"quality_of_progression:copper_shovel":1,"minecraft:flint_and_steel":1,"minecraft:iron_axe":2,"minecraft:stone_pickaxe":1,"realistictorches:unlit_torch":160,"minecraft:cooked_cod":13,"quality_of_progression:flint_tool":3,"minecraft:cooked_salmon":8,"minecraft:bucket":1,"minecraft:stone_axe":1,"minecraft:bread":9,"minecraft:air":0,"minecraft:white_wool":5,"minecraft:flint":2,"minecraft:iron_leggings":1,"minecraft:anvil":1,"minecraft:white_bed":3},"minecraft:custom":{"minecraft:interact_with_crafting_table":124,"minecraft:leave_game":2,"minecraft:time_since_death":5510,"minecraft:sprint_one_cm":154417,"minecraft:damage_blocked_by_shield":5144,"minecraft:drop":192,"minecraft:play_time":364062,"minecraft:deaths":19,"minecraft:jump":2072,"minecraft:walk_on_water_one_cm":51756,"minecraft:interact_with_furnace":497,"minecraft:sleep_in_bed":8,"minecraft:damage_dealt":14201,"minecraft:crouch_one_cm":84127,"minecraft:mob_kills":76,"minecraft:interact_with_anvil":2,"minecraft:inspect_hopper":6,"minecraft:fill_cauldron":2,"minecraft:damage_dealt_resisted":33,"minecraft:walk_one_cm":1092214,"minecraft:sneak_time":25412,"minecraft:walk_under_water_one_cm":78395,"minecraft:boat_one_cm":20,"minecraft:interact_with_blast_furnace":32,"minecraft:total_world_time":364062,"minecraft:time_since_rest":5538,"minecraft:damage_taken":7584,"minecraft:swim_one_cm":149225,"minecraft:fly_one_cm":130372,"minecraft:open_chest":216,"minecraft:fish_caught":24,"minecraft:fall_one_cm":31302},"minecraft:mined":{"minecraft:white_bed":3,"minecraft:granite":6,"minecraft:grass_block":46,"minecraft:spawner":1,"minecraft:tall_seagrass":1,"minecraft:iron_ore":95,"minecraft:water_cauldron":1,"minecraft:tripwire":5,"minecraft:powder_snow":2,"minecraft:clay":1,"minecraft:oxidized_copper":1,"minecraft:chest":1,"minecraft:cobblestone":13,"realistictorches:torch_wall":2,"minecraft:sugar_cane":4,"minecraft:birch_log":102,"minecraft:wheat":7,"minecraft:birch_door":4,"minecraft:grass":45,"minecraft:dirt":19,"minecraft:oak_leaves":8,"minecraft:birch_slab":1,"realistictorches:torch":2,"minecraft:furnace":3,"minecraft:andesite":22,"minecraft:peony":1,"minecraft:mossy_stone_brick_stairs":4,"minecraft:stone":213,"minecraft:white_wool":1,"realisticforgingores:big_stone":5,"minecraft:crafting_table":10,"minecraft:copper_ore":15,"minecraft:diorite":1,"minecraft:birch_planks":18,"realisticforgingores:smithing_anvil":1,"minecraft:birch_leaves":75,"minecraft:coal_ore":197,"minecraft:gravel":4,"minecraft:cobweb":6,"minecraft:cracked_stone_bricks":4,"minecraft:polished_andesite":4,"minecraft:stone_bricks":5}},"DataVersion":3465}