{"stats":{"minecraft:dropped":{"minecraft:stone_axe":1,"alexsmobs:animal_dictionary":1,"minecraft:birch_sapling":1,"minecraft:rotten_flesh":5,"minecraft:golden_shovel":1,"realisticforgingores:copperore":25,"minecraft:stick":2,"minecraft:flint":1,"minecraft:dirt":9,"minecraft:andesite":14,"minecraft:golden_hoe":1,"minecraft:beef":3,"minecraft:stone_pickaxe":3},"minecraft:killed":{"majruszsdifficulty:cursed_armor":2,"minecraft:cod":8,"minecraft:creeper":2,"minecraft:skeleton":4,"minecraft:sheep":2,"minecraft:zombie":6},"minecraft:used":{"minecraft:diorite":1,"minecraft:birch_planks":23,"minecraft:stone_pickaxe":66,"minecraft:wooden_pickaxe":3,"minecraft:white_wool":1,"minecraft:dirt":20,"minecraft:mutton":2,"minecraft:crafting_table":5,"minecraft:white_bed":1,"minecraft:cod":3,"quality_of_progression:flint_tool":94,"minecraft:golden_leggings":1,"minecraft:golden_helmet":1,"minecraft:andesite":1,"minecraft:birch_log":7},"minecraft:broken":{"quality_of_progression:flint_tool":1},"minecraft:killed_by":{"minecraft:zombie":1,"minecraft:drowned":1},"minecraft:crafted":{"minecraft:crafting_table":1,"quality_of_progression:flint_tool":1,"minecraft:wooden_pickaxe":1,"minecraft:birch_planks":60,"minecraft:stick":8,"minecraft:flint":1,"minecraft:stone_pickaxe":1,"minecraft:white_bed":1,"realisticforgingores:smithing_stone_hammer":1},"minecraft:picked_up":{"minecraft:birch_log":36,"minecraft:crafting_table":5,"minecraft:andesite":15,"minecraft:leather":6,"minecraft:golden_leggings":1,"minecraft:wooden_pickaxe":2,"minecraft:birch_planks":191,"minecraft:golden_shovel":1,"minecraft:flint":2,"realisticforgingores:copperore":99,"minecraft:gunpowder":2,"minecraft:dirt":29,"realisticforgingores:raw_iron_ore":4,"minecraft:iron_shovel":2,"realisticforgingores:smithing_stone_hammer":1,"quality_of_progression:flint_tool":5,"minecraft:wheat_seeds":1,"minecraft:gold_nugget":21,"minecraft:beef":6,"minecraft:stone_pickaxe":9,"minecraft:sugar_cane":14,"minecraft:birch_sapling":3,"minecraft:golden_helmet":1,"minecraft:stick":16,"realisticforgingores:big_stone":5,"realisticforgingores:two_sticks":1,"minecraft:gravel":1,"minecraft:diorite":1,"alexsmobs:animal_dictionary":7,"minecraft:stone_sword":1,"minecraft:arrow":6,"minecraft:rotten_flesh":5,"realisticforgingores:cleanedironore":4,"minecraft:stone_axe":1,"minecraft:golden_hoe":1,"minecraft:bone_meal":8,"minecraft:mutton":2,"minecraft:cod":4,"minecraft:coal":18,"minecraft:white_wool":5,"minecraft:cobblestone":94},"minecraft:custom":{"minecraft:mob_kills":12,"minecraft:interact_with_crafting_table":7,"minecraft:damage_dealt_resisted":33,"minecraft:leave_game":1,"minecraft:time_since_death":800,"minecraft:sleep_in_bed":1,"minecraft:time_since_rest":834,"minecraft:sprint_one_cm":13564,"minecraft:damage_taken":974,"minecraft:walk_one_cm":117683,"minecraft:drop":50,"minecraft:damage_dealt":1852,"minecraft:swim_one_cm":1247,"minecraft:fly_one_cm":3638,"minecraft:open_chest":3,"minecraft:crouch_one_cm":23702,"minecraft:play_time":37336,"minecraft:deaths":3,"minecraft:sneak_time":6580,"minecraft:walk_under_water_one_cm":7551,"minecraft:jump":312,"minecraft:walk_on_water_one_cm":1210,"minecraft:total_world_time":37336,"minecraft:fall_one_cm":4688},"minecraft:mined":{"minecraft:powder_snow":2,"minecraft:crafting_table":4,"minecraft:grass_block":2,"minecraft:copper_ore":12,"minecraft:sugar_cane":1,"minecraft:diorite":1,"minecraft:birch_planks":6,"minecraft:birch_log":25,"minecraft:birch_leaves":74,"minecraft:andesite":4,"minecraft:grass":3,"minecraft:coal_ore":24,"minecraft:gravel":1,"minecraft:dirt":12,"minecraft:stone":26,"minecraft:white_wool":1,"realisticforgingores:big_stone":1}},"DataVersion":3465}