{"stats":{"minecraft:dropped":{"minecraft:iron_ingot":10,"minecraft:birch_planks":45,"minecraft:wheat_seeds":1,"minecraft:oak_log":2,"minecraft:oxidized_cut_copper":2,"minecraft:cobblestone":5,"minecraft:granite":2,"minecraft:mossy_stone_brick_stairs":2,"minecraft:cracked_stone_bricks":7,"minecraft:saddle":1,"minecraft:coal":18,"minecraft:pufferfish":1,"minecraft:polished_andesite":9,"minecraft:flint":1,"minecraft:stick":6,"realisticforgingores:cleanedironore":1,"minecraft:dirt":16,"realisticforgingores:hotrawironore":5,"minecraft:dead_bush":3,"minecraft:bone_meal":10,"minecraft:golden_hoe":1,"realistictorches:unlit_torch":3,"minecraft:string":2,"minecraft:birch_log":7,"minecraft:lily_pad":2,"minecraft:music_disc_cat":1,"minecraft:stone_axe":2,"minecraft:stone_sword":2,"alexsmobs:animal_dictionary":4,"minecraft:birch_sapling":1,"minecraft:rotten_flesh":30,"minecraft:golden_shovel":2,"realisticforgingores:copperore":25,"minecraft:white_bed":1,"quality_of_progression:flint_tool":4,"minecraft:shield":1,"minecraft:gunpowder":1,"realisticforgingores:smithing_stone_hammer":2,"minecraft:andesite":33,"minecraft:melon_seeds":2,"minecraft:oak_sapling":1,"minecraft:stone_bricks":7,"minecraft:spider_eye":2,"minecraft:arrow":3,"minecraft:stone_pickaxe":9,"minecraft:beef":3,"minecraft:stone_brick_stairs":4},"minecraft:killed":{"minecraft:spider":2,"minecraft:cod":8,"minecraft:skeleton":12,"minecraft:guardian":4,"majruszsdifficulty:creeperling":2,"minecraft:drowned":30,"minecraft:husk":6,"minecraft:salmon":6,"majruszsdifficulty:cursed_armor":4,"minecraft:creeper":4,"minecraft:sheep":2,"minecraft:zombie":50,"minecraft:cow":2},"minecraft:used":{"realisticforgingores:big_stone":5,"minecraft:stone_sword":35,"minecraft:chest":4,"minecraft:shield":47,"minecraft:cooked_salmon":8,"minecraft:rotten_flesh":11,"minecraft:iron_chestplate":2,"minecraft:dirt":35,"minecraft:mutton":2,"minecraft:granite":4,"minecraft:birch_door":3,"quality_of_progression:flint_tool":149,"majruszsdifficulty:angler_treasure_bag":1,"minecraft:iron_axe":138,"realistictorches:lit_torch":84,"minecraft:iron_boots":2,"minecraft:beef":2,"minecraft:furnace":6,"minecraft:oxidized_copper":3,"minecraft:cooked_cod":13,"minecraft:skeleton_skull":1,"minecraft:diorite":1,"minecraft:birch_planks":67,"minecraft:stone_pickaxe":173,"minecraft:oak_planks":4,"minecraft:birch_boat":3,"minecraft:wooden_pickaxe":3,"minecraft:sugar_cane":8,"minecraft:salmon":4,"minecraft:white_wool":1,"minecraft:crafting_table":12,"minecraft:white_bed":4,"minecraft:cod":4,"realisticforgingores:smithing_anvil":1,"minecraft:flower_pot":1,"minecraft:birch_slab":4,"minecraft:bread":2,"minecraft:string":5,"minecraft:iron_pickaxe":301,"quality_of_progression:bone_tool":58,"minecraft:gravel":1,"minecraft:golden_leggings":5,"minecraft:golden_helmet":3,"minecraft:stone_axe":19,"minecraft:fishing_rod":31,"minecraft:cobblestone":86,"minecraft:birch_log":7,"minecraft:andesite":15,"realistictorches:unlit_torch":2},"minecraft:broken":{"minecraft:golden_helmet":1,"realistictorches:matchbox":1,"minecraft:iron_pickaxe":1,"quality_of_progression:flint_tool":2,"quality_of_progression:bone_tool":1},"minecraft:crafted":{"minecraft:fishing_rod":1,"minecraft:iron_nugget":9,"minecraft:birch_boat":3,"realisticforgingores:two_sticks":6,"minecraft:birch_slab":12,"minecraft:furnace":5,"realisticforgingores:smithing_hammer":1,"minecraft:bone_meal":6,"realistictorches:matchbox":2,"minecraft:iron_boots":1,"minecraft:iron_axe":1,"quality_of_progression:bone_tool":1,"minecraft:stone_pickaxe":1,"realistictorches:unlit_torch":112,"minecraft:chest":3,"minecraft:birch_door":3,"realisticforgingores:smithing_stone_hammer":2,"minecraft:cooked_cod":13,"minecraft:crafting_table":5,"quality_of_progression:flint_tool":3,"minecraft:wooden_pickaxe":1,"minecraft:cooked_salmon":8,"minecraft:birch_planks":176,"minecraft:air":0,"minecraft:bread":1,"realisticforgingores:hotrawironore":65,"realisticforgingores:smithing_anvil":1,"minecraft:white_wool":3,"minecraft:iron_chestplate":2,"minecraft:paper":6,"minecraft:shield":2,"realisticforgingores:blacksmithstongs":1,"minecraft:stick":64,"minecraft:flint":2,"minecraft:iron_pickaxe":2,"minecraft:iron_block":1,"minecraft:stone_sword":1,"minecraft:white_bed":2,"realistictorches:lit_torch":112},"minecraft:killed_by":{"minecraft:husk":1,"minecraft:stray":1,"minecraft:spider":3,"minecraft:drowned":2,"minecraft:skeleton":1,"minecraft:zombie":5},"minecraft:picked_up":{"minecraft:iron_chestplate":4,"minecraft:crafting_table":14,"minecraft:flower_pot":1,"minecraft:wooden_pickaxe":2,"minecraft:golden_shovel":2,"minecraft:stone_brick_stairs":5,"minecraft:shield":10,"minecraft:music_disc_cat":1,"minecraft:iron_axe":4,"minecraft:string":73,"minecraft:cooked_salmon":8,"minecraft:pufferfish":1,"minecraft:iron_shovel":8,"realisticforgingores:smithing_stone_hammer":6,"minecraft:cracked_stone_bricks":9,"minecraft:gold_nugget":93,"realistictorches:matchbox":8,"minecraft:beef":8,"minecraft:iron_pickaxe":12,"minecraft:chest":1,"minecraft:sugar_cane":39,"minecraft:birch_sapling":23,"minecraft:iron_boots":4,"minecraft:furnace":5,"minecraft:golden_helmet":8,"minecraft:stick":38,"realisticforgingores:big_stone":20,"realisticforgingores:smithing_hammer":1,"minecraft:copper_ingot":1,"realisticforgingores:two_sticks":2,"minecraft:diorite":1,"minecraft:stone_sword":5,"minecraft:arrow":30,"minecraft:rotten_flesh":61,"minecraft:cooked_cod":2,"minecraft:golden_hoe":2,"realistictorches:lit_torch":83,"minecraft:saddle":1,"minecraft:mutton":2,"minecraft:cod":18,"minecraft:skeleton_skull":1,"minecraft:white_wool":5,"minecraft:cobblestone":686,"minecraft:nautilus_shell":3,"minecraft:birch_log":167,"minecraft:oxidized_copper":3,"minecraft:tripwire_hook":1,"minecraft:salmon":12,"quality_of_progression:bone_tool":3,"minecraft:birch_slab":19,"minecraft:andesite":52,"minecraft:leather":15,"minecraft:golden_leggings":11,"realisticforgingores:hotrawironore":8,"majruszsdifficulty:tattered_helmet":1,"minecraft:birch_planks":497,"minecraft:flint":9,"realisticforgingores:copperore":528,"minecraft:oak_log":2,"minecraft:lily_pad":2,"realisticforgingores:blacksmithstongs":1,"minecraft:gunpowder":7,"minecraft:dirt":75,"minecraft:name_tag":1,"realisticforgingores:raw_iron_ore":355,"minecraft:bone":48,"realisticforgingores:stickhotrawiron":6,"minecraft:stone_bricks":9,"quality_of_progression:flint_tool":13,"minecraft:bow":4,"minecraft:wheat_seeds":7,"majruszsdifficulty:tattered_leggings":1,"minecraft:stone_pickaxe":21,"minecraft:iron_ingot":21,"minecraft:oak_planks":8,"minecraft:oxidized_cut_copper":6,"minecraft:mossy_stone_brick_stairs":2,"minecraft:gravel":3,"minecraft:white_bed":3,"minecraft:dead_bush":3,"alexsmobs:animal_dictionary":18,"minecraft:spider_eye":3,"minecraft:polished_andesite":12,"realisticforgingores:cleanedironore":267,"minecraft:stone_axe":4,"realistictorches:unlit_torch":7,"minecraft:granite":21,"minecraft:bone_meal":18,"minecraft:bread":1,"minecraft:oak_sapling":2,"minecraft:melon_seeds":2,"minecraft:coal":908},"minecraft:custom":{"minecraft:mob_kills":68,"minecraft:interact_with_crafting_table":60,"minecraft:damage_dealt_resisted":33,"minecraft:leave_game":1,"minecraft:time_since_death":1267,"minecraft:sprint_one_cm":115627,"minecraft:walk_one_cm":758275,"minecraft:damage_blocked_by_shield":3428,"minecraft:drop":177,"minecraft:play_time":241336,"minecraft:deaths":15,"minecraft:sneak_time":22042,"minecraft:walk_under_water_one_cm":63382,"minecraft:jump":1650,"minecraft:walk_on_water_one_cm":40358,"minecraft:total_world_time":241336,"minecraft:interact_with_furnace":270,"minecraft:sleep_in_bed":3,"minecraft:time_since_rest":1291,"minecraft:damage_taken":5685,"minecraft:damage_dealt":12038,"minecraft:swim_one_cm":124140,"minecraft:fly_one_cm":84437,"minecraft:open_chest":74,"minecraft:crouch_one_cm":74811,"minecraft:fish_caught":24,"minecraft:fall_one_cm":26847},"minecraft:mined":{"minecraft:white_bed":3,"minecraft:granite":5,"minecraft:grass_block":17,"minecraft:birch_slab":1,"minecraft:spawner":1,"minecraft:tall_seagrass":1,"realistictorches:torch":2,"minecraft:furnace":2,"minecraft:iron_ore":55,"minecraft:andesite":9,"minecraft:peony":1,"minecraft:mossy_stone_brick_stairs":4,"minecraft:stone":178,"minecraft:white_wool":1,"realisticforgingores:big_stone":4,"minecraft:tripwire":5,"minecraft:powder_snow":2,"minecraft:crafting_table":8,"minecraft:oxidized_copper":1,"minecraft:chest":1,"minecraft:cobblestone":9,"minecraft:copper_ore":14,"realistictorches:torch_wall":1,"minecraft:sugar_cane":4,"minecraft:diorite":1,"minecraft:birch_planks":15,"minecraft:birch_log":95,"minecraft:birch_leaves":75,"minecraft:grass":45,"minecraft:coal_ore":135,"minecraft:gravel":4,"minecraft:dirt":15,"minecraft:cobweb":6,"minecraft:cracked_stone_bricks":4,"minecraft:polished_andesite":4,"minecraft:stone_bricks":4,"minecraft:oak_leaves":8}},"DataVersion":3465}