{"stats":{"minecraft:dropped":{"minecraft:stone_axe":1,"minecraft:birch_planks":7,"alexsmobs:animal_dictionary":2,"minecraft:birch_sapling":1,"minecraft:rotten_flesh":11,"minecraft:granite":2,"minecraft:golden_shovel":1,"realisticforgingores:copperore":25,"quality_of_progression:flint_tool":1,"minecraft:stick":2,"minecraft:flint":1,"minecraft:dirt":9,"realisticforgingores:hotrawironore":4,"minecraft:andesite":32,"minecraft:spider_eye":2,"minecraft:golden_hoe":1,"minecraft:beef":3,"minecraft:stone_pickaxe":4,"minecraft:birch_log":7},"minecraft:killed":{"minecraft:spider":2,"majruszsdifficulty:cursed_armor":2,"minecraft:cod":8,"minecraft:creeper":4,"minecraft:skeleton":4,"minecraft:sheep":2,"minecraft:zombie":18},"minecraft:used":{"realisticforgingores:big_stone":2,"minecraft:diorite":1,"minecraft:birch_planks":44,"minecraft:stone_pickaxe":141,"minecraft:wooden_pickaxe":3,"minecraft:rotten_flesh":1,"minecraft:white_wool":1,"minecraft:dirt":20,"minecraft:mutton":2,"minecraft:crafting_table":8,"minecraft:white_bed":1,"minecraft:cod":3,"minecraft:granite":2,"quality_of_progression:flint_tool":136,"realistictorches:lit_torch":28,"minecraft:iron_pickaxe":117,"quality_of_progression:bone_tool":37,"minecraft:golden_leggings":1,"minecraft:golden_helmet":1,"minecraft:cobblestone":6,"minecraft:furnace":2,"minecraft:andesite":14,"minecraft:birch_log":7},"minecraft:broken":{"quality_of_progression:flint_tool":2},"minecraft:killed_by":{"minecraft:spider":2,"minecraft:zombie":1,"minecraft:drowned":1},"minecraft:crafted":{"minecraft:crafting_table":2,"quality_of_progression:flint_tool":1,"minecraft:wooden_pickaxe":1,"realisticforgingores:two_sticks":4,"minecraft:birch_slab":6,"minecraft:furnace":1,"minecraft:birch_planks":88,"realistictorches:matchbox":1,"realisticforgingores:hotrawironore":3,"minecraft:paper":3,"minecraft:stick":20,"minecraft:flint":2,"quality_of_progression:bone_tool":1,"minecraft:iron_pickaxe":1,"minecraft:stone_pickaxe":1,"realistictorches:unlit_torch":28,"minecraft:white_bed":1,"realisticforgingores:smithing_stone_hammer":1,"realistictorches:lit_torch":28},"minecraft:picked_up":{"minecraft:birch_log":61,"minecraft:crafting_table":11,"quality_of_progression:bone_tool":3,"minecraft:birch_slab":9,"minecraft:andesite":50,"minecraft:leather":10,"minecraft:golden_leggings":4,"realisticforgingores:hotrawironore":5,"minecraft:wooden_pickaxe":2,"minecraft:birch_planks":290,"minecraft:golden_shovel":1,"minecraft:flint":5,"realisticforgingores:copperore":330,"minecraft:gunpowder":5,"minecraft:string":3,"minecraft:dirt":29,"realisticforgingores:raw_iron_ore":95,"minecraft:iron_shovel":5,"minecraft:bone":1,"realisticforgingores:smithing_stone_hammer":4,"realisticforgingores:stickhotrawiron":3,"quality_of_progression:flint_tool":8,"realistictorches:matchbox":3,"minecraft:wheat_seeds":1,"minecraft:gold_nugget":57,"minecraft:iron_ingot":1,"minecraft:beef":6,"minecraft:stone_pickaxe":15,"minecraft:iron_pickaxe":3,"minecraft:sugar_cane":20,"minecraft:birch_sapling":11,"minecraft:furnace":5,"minecraft:golden_helmet":3,"minecraft:stick":25,"realisticforgingores:big_stone":13,"realisticforgingores:two_sticks":1,"minecraft:gravel":2,"minecraft:diorite":1,"minecraft:white_bed":1,"minecraft:spider_eye":3,"alexsmobs:animal_dictionary":14,"minecraft:stone_sword":1,"minecraft:arrow":15,"minecraft:rotten_flesh":15,"realisticforgingores:cleanedironore":95,"minecraft:stone_axe":1,"minecraft:golden_hoe":1,"minecraft:granite":4,"minecraft:bone_meal":14,"minecraft:mutton":2,"minecraft:cod":4,"minecraft:coal":436,"minecraft:white_wool":5,"minecraft:cobblestone":286},"minecraft:custom":{"minecraft:interact_with_furnace":14,"minecraft:mob_kills":20,"minecraft:interact_with_crafting_table":18,"minecraft:damage_dealt_resisted":33,"minecraft:leave_game":1,"minecraft:time_since_death":8757,"minecraft:sleep_in_bed":1,"minecraft:time_since_rest":8783,"minecraft:sprint_one_cm":34696,"minecraft:damage_taken":1733,"minecraft:walk_one_cm":262497,"minecraft:drop":70,"minecraft:damage_dealt":3607,"minecraft:swim_one_cm":4988,"minecraft:fly_one_cm":20999,"minecraft:open_chest":3,"minecraft:crouch_one_cm":28576,"minecraft:play_time":73336,"minecraft:deaths":6,"minecraft:sneak_time":8144,"minecraft:walk_under_water_one_cm":13279,"minecraft:jump":787,"minecraft:walk_on_water_one_cm":4950,"minecraft:total_world_time":73336,"minecraft:fall_one_cm":13550},"minecraft:mined":{"minecraft:white_bed":1,"minecraft:powder_snow":2,"minecraft:crafting_table":7,"minecraft:granite":4,"minecraft:grass_block":2,"minecraft:copper_ore":14,"minecraft:sugar_cane":1,"minecraft:diorite":1,"minecraft:birch_planks":11,"minecraft:furnace":2,"minecraft:iron_ore":37,"minecraft:birch_log":39,"minecraft:birch_leaves":74,"minecraft:andesite":8,"minecraft:peony":1,"minecraft:grass":3,"minecraft:coal_ore":126,"minecraft:gravel":2,"minecraft:dirt":12,"minecraft:stone":65,"minecraft:white_wool":1,"realisticforgingores:big_stone":3}},"DataVersion":3465}