{"stats":{"minecraft:dropped":{"minecraft:birch_planks":7,"minecraft:granite":2,"minecraft:mossy_stone_brick_stairs":1,"minecraft:cracked_stone_bricks":1,"minecraft:polished_andesite":3,"minecraft:flint":1,"minecraft:stick":2,"minecraft:dirt":9,"realisticforgingores:hotrawironore":4,"minecraft:dead_bush":1,"minecraft:bone_meal":2,"minecraft:golden_hoe":1,"minecraft:birch_log":7,"minecraft:stone_axe":1,"minecraft:stone_sword":1,"alexsmobs:animal_dictionary":3,"minecraft:birch_sapling":1,"minecraft:rotten_flesh":16,"minecraft:golden_shovel":1,"realisticforgingores:copperore":25,"quality_of_progression:flint_tool":1,"minecraft:andesite":33,"minecraft:melon_seeds":2,"minecraft:spider_eye":2,"minecraft:stone_pickaxe":5,"minecraft:beef":3},"minecraft:killed":{"minecraft:spider":2,"minecraft:cod":8,"minecraft:skeleton":8,"minecraft:husk":2,"majruszsdifficulty:cursed_armor":4,"minecraft:creeper":4,"minecraft:sheep":2,"minecraft:zombie":28,"minecraft:cow":2},"minecraft:used":{"realisticforgingores:big_stone":2,"minecraft:stone_sword":19,"minecraft:shield":21,"minecraft:rotten_flesh":1,"minecraft:dirt":20,"minecraft:mutton":2,"minecraft:granite":2,"quality_of_progression:flint_tool":139,"realistictorches:lit_torch":28,"minecraft:beef":1,"minecraft:furnace":2,"minecraft:oxidized_copper":3,"minecraft:diorite":1,"minecraft:birch_planks":47,"minecraft:stone_pickaxe":173,"minecraft:wooden_pickaxe":3,"minecraft:white_wool":1,"minecraft:crafting_table":9,"minecraft:white_bed":2,"minecraft:cod":3,"minecraft:flower_pot":1,"minecraft:bread":2,"minecraft:iron_pickaxe":118,"quality_of_progression:bone_tool":58,"minecraft:golden_leggings":1,"minecraft:golden_helmet":2,"minecraft:cobblestone":8,"minecraft:birch_log":7,"minecraft:andesite":14},"minecraft:broken":{"quality_of_progression:flint_tool":2,"quality_of_progression:bone_tool":1},"minecraft:killed_by":{"minecraft:stray":1,"minecraft:spider":3,"minecraft:drowned":1,"minecraft:zombie":1},"minecraft:crafted":{"realisticforgingores:two_sticks":4,"minecraft:birch_slab":6,"minecraft:furnace":1,"realistictorches:matchbox":1,"quality_of_progression:bone_tool":1,"minecraft:stone_pickaxe":1,"realistictorches:unlit_torch":28,"realisticforgingores:smithing_stone_hammer":1,"minecraft:crafting_table":2,"quality_of_progression:flint_tool":2,"minecraft:wooden_pickaxe":1,"minecraft:birch_planks":88,"minecraft:bread":1,"realisticforgingores:hotrawironore":3,"minecraft:paper":3,"minecraft:shield":1,"minecraft:stick":24,"minecraft:flint":2,"minecraft:iron_pickaxe":1,"minecraft:stone_sword":1,"minecraft:white_bed":1,"realistictorches:lit_torch":28},"minecraft:picked_up":{"minecraft:crafting_table":14,"minecraft:flower_pot":1,"minecraft:wooden_pickaxe":2,"minecraft:golden_shovel":1,"minecraft:stone_brick_stairs":2,"minecraft:shield":2,"minecraft:string":13,"minecraft:iron_shovel":7,"realisticforgingores:smithing_stone_hammer":4,"minecraft:cracked_stone_bricks":2,"minecraft:gold_nugget":81,"realistictorches:matchbox":5,"minecraft:beef":7,"minecraft:iron_pickaxe":5,"minecraft:sugar_cane":24,"minecraft:birch_sapling":15,"minecraft:furnace":5,"minecraft:golden_helmet":5,"minecraft:stick":37,"realisticforgingores:big_stone":17,"realisticforgingores:two_sticks":1,"minecraft:diorite":1,"minecraft:stone_sword":4,"minecraft:arrow":17,"minecraft:rotten_flesh":20,"minecraft:golden_hoe":1,"minecraft:mutton":2,"minecraft:cod":4,"minecraft:white_wool":5,"minecraft:cobblestone":408,"minecraft:birch_log":69,"minecraft:oxidized_copper":3,"quality_of_progression:bone_tool":3,"minecraft:birch_slab":15,"minecraft:andesite":51,"minecraft:leather":11,"minecraft:golden_leggings":6,"realisticforgingores:hotrawironore":5,"minecraft:birch_planks":362,"minecraft:flint":6,"realisticforgingores:copperore":394,"minecraft:oak_log":2,"minecraft:gunpowder":5,"minecraft:dirt":35,"realisticforgingores:raw_iron_ore":163,"minecraft:bone":5,"realisticforgingores:stickhotrawiron":5,"quality_of_progression:flint_tool":10,"minecraft:bow":3,"minecraft:wheat_seeds":1,"minecraft:stone_pickaxe":19,"minecraft:iron_ingot":1,"minecraft:oxidized_cut_copper":4,"minecraft:mossy_stone_brick_stairs":1,"minecraft:gravel":2,"minecraft:white_bed":1,"minecraft:dead_bush":1,"alexsmobs:animal_dictionary":16,"minecraft:spider_eye":3,"minecraft:polished_andesite":6,"realisticforgingores:cleanedironore":209,"minecraft:stone_axe":2,"minecraft:granite":4,"minecraft:bone_meal":16,"minecraft:bread":1,"minecraft:melon_seeds":2,"minecraft:coal":683},"minecraft:custom":{"minecraft:mob_kills":31,"minecraft:interact_with_crafting_table":21,"minecraft:damage_dealt_resisted":33,"minecraft:leave_game":1,"minecraft:time_since_death":335,"minecraft:sprint_one_cm":35131,"minecraft:walk_one_cm":290770,"minecraft:damage_blocked_by_shield":1233,"minecraft:drop":82,"minecraft:play_time":85336,"minecraft:deaths":8,"minecraft:sneak_time":11187,"minecraft:walk_under_water_one_cm":13279,"minecraft:jump":931,"minecraft:walk_on_water_one_cm":4950,"minecraft:total_world_time":85336,"minecraft:interact_with_furnace":14,"minecraft:sleep_in_bed":1,"minecraft:time_since_rest":366,"minecraft:damage_taken":2342,"minecraft:damage_dealt":4996,"minecraft:swim_one_cm":4988,"minecraft:fly_one_cm":23606,"minecraft:open_chest":9,"minecraft:crouch_one_cm":34396,"minecraft:fall_one_cm":15591},"minecraft:mined":{"minecraft:white_bed":1,"minecraft:granite":4,"minecraft:grass_block":2,"minecraft:spawner":1,"minecraft:furnace":2,"minecraft:iron_ore":37,"minecraft:andesite":8,"minecraft:peony":1,"minecraft:mossy_stone_brick_stairs":3,"minecraft:stone":65,"minecraft:white_wool":1,"realisticforgingores:big_stone":3,"minecraft:powder_snow":2,"minecraft:crafting_table":8,"minecraft:oxidized_copper":1,"minecraft:copper_ore":14,"minecraft:sugar_cane":1,"minecraft:diorite":1,"minecraft:birch_planks":12,"minecraft:birch_log":39,"minecraft:birch_leaves":74,"minecraft:grass":3,"minecraft:coal_ore":126,"minecraft:gravel":2,"minecraft:dirt":12,"minecraft:cobweb":6,"minecraft:cracked_stone_bricks":2,"minecraft:polished_andesite":4,"minecraft:stone_bricks":2}},"DataVersion":3465}