{"stats":{"minecraft:dropped":{"minecraft:stone_axe":1,"minecraft:birch_planks":7,"alexsmobs:animal_dictionary":1,"minecraft:birch_sapling":1,"minecraft:rotten_flesh":5,"minecraft:granite":2,"minecraft:golden_shovel":1,"realisticforgingores:copperore":25,"minecraft:stick":2,"minecraft:flint":1,"minecraft:dirt":9,"minecraft:andesite":27,"minecraft:golden_hoe":1,"minecraft:beef":3,"minecraft:stone_pickaxe":3,"minecraft:birch_log":7},"minecraft:killed":{"majruszsdifficulty:cursed_armor":2,"minecraft:cod":8,"minecraft:creeper":4,"minecraft:skeleton":4,"minecraft:sheep":2,"minecraft:zombie":14},"minecraft:used":{"minecraft:diorite":1,"minecraft:birch_planks":29,"minecraft:stone_pickaxe":139,"minecraft:wooden_pickaxe":3,"minecraft:rotten_flesh":1,"minecraft:white_wool":1,"minecraft:dirt":20,"minecraft:mutton":2,"minecraft:crafting_table":6,"minecraft:white_bed":1,"minecraft:cod":3,"quality_of_progression:flint_tool":135,"realistictorches:lit_torch":28,"minecraft:golden_leggings":1,"minecraft:golden_helmet":1,"minecraft:andesite":14,"minecraft:birch_log":7},"minecraft:broken":{"quality_of_progression:flint_tool":2},"minecraft:killed_by":{"minecraft:zombie":1,"minecraft:drowned":1},"minecraft:crafted":{"minecraft:crafting_table":1,"quality_of_progression:flint_tool":1,"minecraft:wooden_pickaxe":1,"minecraft:birch_slab":6,"minecraft:birch_planks":60,"realistictorches:matchbox":1,"minecraft:paper":3,"minecraft:stick":12,"minecraft:flint":1,"quality_of_progression:bone_tool":1,"minecraft:stone_pickaxe":1,"realistictorches:unlit_torch":28,"minecraft:white_bed":1,"realisticforgingores:smithing_stone_hammer":1,"realistictorches:lit_torch":28},"minecraft:picked_up":{"minecraft:birch_log":36,"minecraft:crafting_table":6,"minecraft:andesite":44,"minecraft:leather":6,"minecraft:golden_leggings":1,"minecraft:wooden_pickaxe":2,"minecraft:birch_planks":196,"minecraft:golden_shovel":1,"minecraft:flint":2,"realisticforgingores:copperore":123,"minecraft:gunpowder":2,"minecraft:dirt":29,"realisticforgingores:raw_iron_ore":4,"minecraft:iron_shovel":2,"minecraft:bone":1,"realisticforgingores:smithing_stone_hammer":1,"quality_of_progression:flint_tool":5,"minecraft:wheat_seeds":1,"minecraft:gold_nugget":21,"minecraft:iron_ingot":1,"minecraft:beef":6,"minecraft:stone_pickaxe":9,"minecraft:sugar_cane":14,"minecraft:birch_sapling":5,"minecraft:golden_helmet":1,"minecraft:stick":16,"realisticforgingores:big_stone":5,"realisticforgingores:two_sticks":1,"minecraft:gravel":2,"minecraft:diorite":1,"alexsmobs:animal_dictionary":7,"minecraft:stone_sword":1,"minecraft:arrow":6,"minecraft:rotten_flesh":8,"realisticforgingores:cleanedironore":4,"minecraft:stone_axe":1,"minecraft:golden_hoe":1,"minecraft:granite":4,"minecraft:bone_meal":8,"minecraft:mutton":2,"minecraft:cod":4,"minecraft:coal":72,"minecraft:white_wool":5,"minecraft:cobblestone":105},"minecraft:custom":{"minecraft:mob_kills":17,"minecraft:interact_with_crafting_table":14,"minecraft:damage_dealt_resisted":33,"minecraft:leave_game":1,"minecraft:time_since_death":12800,"minecraft:sleep_in_bed":1,"minecraft:time_since_rest":12834,"minecraft:sprint_one_cm":18740,"minecraft:damage_taken":987,"minecraft:walk_one_cm":163673,"minecraft:drop":54,"minecraft:damage_dealt":3035,"minecraft:swim_one_cm":1247,"minecraft:fly_one_cm":8268,"minecraft:open_chest":3,"minecraft:crouch_one_cm":25106,"minecraft:play_time":49336,"minecraft:deaths":3,"minecraft:sneak_time":7155,"minecraft:walk_under_water_one_cm":7551,"minecraft:jump":409,"minecraft:walk_on_water_one_cm":1210,"minecraft:total_world_time":49336,"minecraft:fall_one_cm":5375},"minecraft:mined":{"minecraft:powder_snow":2,"minecraft:crafting_table":5,"minecraft:granite":4,"minecraft:grass_block":2,"minecraft:copper_ore":12,"minecraft:sugar_cane":1,"minecraft:diorite":1,"minecraft:birch_planks":11,"minecraft:birch_log":25,"minecraft:birch_leaves":74,"minecraft:andesite":6,"minecraft:grass":3,"minecraft:coal_ore":80,"minecraft:gravel":2,"minecraft:dirt":12,"minecraft:stone":37,"minecraft:white_wool":1,"realisticforgingores:big_stone":1}},"DataVersion":3465}