{"stats":{"minecraft:dropped":{"minecraft:iron_ingot":10,"minecraft:birch_planks":45,"minecraft:wheat_seeds":1,"minecraft:oak_log":2,"minecraft:oxidized_cut_copper":2,"minecraft:cobblestone":5,"minecraft:granite":2,"minecraft:mossy_stone_brick_stairs":2,"minecraft:cracked_stone_bricks":7,"minecraft:saddle":1,"minecraft:coal":18,"minecraft:pufferfish":1,"minecraft:polished_andesite":9,"minecraft:flint":1,"minecraft:stick":6,"realisticforgingores:cleanedironore":1,"minecraft:dirt":12,"realisticforgingores:hotrawironore":5,"minecraft:dead_bush":3,"minecraft:bone_meal":10,"minecraft:golden_hoe":1,"minecraft:string":2,"minecraft:birch_log":7,"minecraft:lily_pad":2,"minecraft:music_disc_cat":1,"minecraft:stone_axe":2,"minecraft:stone_sword":2,"alexsmobs:animal_dictionary":4,"minecraft:birch_sapling":1,"minecraft:rotten_flesh":24,"minecraft:golden_shovel":2,"realisticforgingores:copperore":25,"minecraft:white_bed":1,"quality_of_progression:flint_tool":4,"minecraft:gunpowder":1,"realisticforgingores:smithing_stone_hammer":2,"minecraft:andesite":33,"minecraft:melon_seeds":2,"minecraft:oak_sapling":1,"minecraft:stone_bricks":7,"minecraft:spider_eye":2,"minecraft:stone_pickaxe":9,"minecraft:beef":3,"minecraft:stone_brick_stairs":4},"minecraft:killed":{"minecraft:spider":2,"minecraft:cod":8,"minecraft:skeleton":8,"minecraft:drowned":16,"minecraft:husk":2,"minecraft:salmon":6,"majruszsdifficulty:cursed_armor":4,"minecraft:creeper":4,"minecraft:sheep":2,"minecraft:zombie":42,"minecraft:cow":2},"minecraft:used":{"realisticforgingores:big_stone":5,"minecraft:stone_sword":35,"minecraft:chest":4,"minecraft:shield":30,"minecraft:cooked_salmon":3,"minecraft:rotten_flesh":11,"minecraft:dirt":35,"minecraft:mutton":2,"minecraft:granite":2,"minecraft:birch_door":3,"quality_of_progression:flint_tool":149,"majruszsdifficulty:angler_treasure_bag":1,"minecraft:iron_axe":73,"realistictorches:lit_torch":42,"minecraft:beef":2,"minecraft:furnace":6,"minecraft:oxidized_copper":3,"minecraft:cooked_cod":7,"minecraft:skeleton_skull":1,"minecraft:diorite":1,"minecraft:birch_planks":60,"minecraft:stone_pickaxe":173,"minecraft:oak_planks":4,"minecraft:birch_boat":1,"minecraft:wooden_pickaxe":3,"minecraft:sugar_cane":5,"minecraft:salmon":4,"minecraft:white_wool":1,"minecraft:crafting_table":11,"minecraft:white_bed":4,"minecraft:cod":4,"minecraft:flower_pot":1,"minecraft:birch_slab":3,"minecraft:bread":2,"minecraft:string":5,"minecraft:iron_pickaxe":232,"quality_of_progression:bone_tool":58,"minecraft:golden_leggings":1,"minecraft:golden_helmet":2,"minecraft:stone_axe":19,"minecraft:fishing_rod":31,"minecraft:cobblestone":86,"minecraft:birch_log":7,"minecraft:andesite":15,"realistictorches:unlit_torch":2},"minecraft:broken":{"realistictorches:matchbox":1,"minecraft:iron_pickaxe":1,"quality_of_progression:flint_tool":2,"quality_of_progression:bone_tool":1},"minecraft:killed_by":{"minecraft:stray":1,"minecraft:spider":3,"minecraft:drowned":1,"minecraft:zombie":3},"minecraft:crafted":{"minecraft:fishing_rod":1,"minecraft:iron_nugget":9,"minecraft:birch_boat":1,"realisticforgingores:two_sticks":6,"minecraft:birch_slab":6,"minecraft:furnace":5,"realisticforgingores:smithing_hammer":1,"minecraft:bone_meal":6,"realistictorches:matchbox":1,"minecraft:iron_boots":1,"minecraft:iron_axe":1,"quality_of_progression:bone_tool":1,"minecraft:stone_pickaxe":1,"realistictorches:unlit_torch":64,"minecraft:chest":3,"minecraft:birch_door":3,"realisticforgingores:smithing_stone_hammer":2,"minecraft:cooked_cod":13,"minecraft:crafting_table":4,"quality_of_progression:flint_tool":3,"minecraft:wooden_pickaxe":1,"minecraft:cooked_salmon":8,"minecraft:birch_planks":88,"minecraft:air":0,"minecraft:bread":1,"realisticforgingores:hotrawironore":49,"minecraft:white_wool":3,"minecraft:iron_chestplate":2,"minecraft:paper":3,"minecraft:shield":1,"realisticforgingores:blacksmithstongs":1,"minecraft:stick":52,"minecraft:flint":2,"minecraft:iron_pickaxe":2,"minecraft:stone_sword":1,"minecraft:white_bed":2,"realistictorches:lit_torch":64},"minecraft:picked_up":{"minecraft:crafting_table":14,"minecraft:flower_pot":1,"minecraft:wooden_pickaxe":2,"minecraft:golden_shovel":2,"minecraft:stone_brick_stairs":5,"minecraft:shield":3,"minecraft:music_disc_cat":1,"minecraft:string":71,"minecraft:pufferfish":1,"minecraft:iron_shovel":8,"realisticforgingores:smithing_stone_hammer":6,"minecraft:cracked_stone_bricks":9,"minecraft:gold_nugget":93,"realistictorches:matchbox":6,"minecraft:beef":8,"minecraft:iron_pickaxe":7,"minecraft:chest":1,"minecraft:sugar_cane":29,"minecraft:birch_sapling":23,"minecraft:furnace":5,"minecraft:golden_helmet":6,"minecraft:stick":38,"realisticforgingores:big_stone":20,"minecraft:copper_ingot":1,"realisticforgingores:two_sticks":2,"minecraft:diorite":1,"minecraft:stone_sword":5,"minecraft:arrow":23,"minecraft:rotten_flesh":41,"minecraft:golden_hoe":2,"minecraft:saddle":1,"minecraft:mutton":2,"minecraft:cod":18,"minecraft:skeleton_skull":1,"minecraft:white_wool":5,"minecraft:cobblestone":518,"minecraft:birch_log":145,"minecraft:oxidized_copper":3,"minecraft:tripwire_hook":1,"minecraft:salmon":12,"quality_of_progression:bone_tool":3,"minecraft:birch_slab":18,"minecraft:andesite":52,"minecraft:leather":15,"minecraft:golden_leggings":7,"realisticforgingores:hotrawironore":8,"minecraft:birch_planks":483,"minecraft:flint":7,"realisticforgingores:copperore":525,"minecraft:oak_log":2,"minecraft:lily_pad":2,"minecraft:gunpowder":7,"minecraft:dirt":71,"minecraft:name_tag":1,"realisticforgingores:raw_iron_ore":197,"minecraft:bone":31,"realisticforgingores:stickhotrawiron":6,"minecraft:stone_bricks":9,"quality_of_progression:flint_tool":13,"minecraft:bow":4,"minecraft:wheat_seeds":7,"minecraft:stone_pickaxe":21,"minecraft:iron_ingot":10,"minecraft:oak_planks":8,"minecraft:oxidized_cut_copper":6,"minecraft:mossy_stone_brick_stairs":2,"minecraft:gravel":2,"minecraft:white_bed":3,"minecraft:dead_bush":3,"alexsmobs:animal_dictionary":18,"minecraft:spider_eye":3,"minecraft:polished_andesite":12,"realisticforgingores:cleanedironore":267,"minecraft:stone_axe":3,"realistictorches:unlit_torch":2,"minecraft:granite":4,"minecraft:bone_meal":18,"minecraft:bread":1,"minecraft:oak_sapling":2,"minecraft:melon_seeds":2,"minecraft:coal":814},"minecraft:custom":{"minecraft:mob_kills":49,"minecraft:interact_with_crafting_table":51,"minecraft:damage_dealt_resisted":33,"minecraft:leave_game":1,"minecraft:time_since_death":104174,"minecraft:sprint_one_cm":89639,"minecraft:walk_one_cm":612359,"minecraft:damage_blocked_by_shield":1939,"minecraft:drop":163,"minecraft:play_time":193336,"minecraft:deaths":10,"minecraft:sneak_time":19626,"minecraft:walk_under_water_one_cm":36218,"minecraft:jump":1321,"minecraft:walk_on_water_one_cm":19543,"minecraft:total_world_time":193336,"minecraft:interact_with_furnace":230,"minecraft:sleep_in_bed":3,"minecraft:time_since_rest":39432,"minecraft:damage_taken":3818,"minecraft:damage_dealt":8394,"minecraft:swim_one_cm":30392,"minecraft:fly_one_cm":56072,"minecraft:open_chest":50,"minecraft:crouch_one_cm":67283,"minecraft:fish_caught":24,"minecraft:fall_one_cm":19457},"minecraft:mined":{"minecraft:white_bed":3,"minecraft:granite":4,"minecraft:grass_block":14,"minecraft:spawner":1,"minecraft:tall_seagrass":1,"minecraft:furnace":2,"minecraft:iron_ore":37,"minecraft:andesite":9,"minecraft:peony":1,"minecraft:mossy_stone_brick_stairs":4,"minecraft:stone":138,"minecraft:white_wool":1,"realisticforgingores:big_stone":4,"minecraft:tripwire":5,"minecraft:powder_snow":2,"minecraft:crafting_table":8,"minecraft:oxidized_copper":1,"minecraft:chest":1,"minecraft:cobblestone":9,"minecraft:copper_ore":14,"minecraft:sugar_cane":2,"minecraft:diorite":1,"minecraft:birch_planks":15,"minecraft:birch_log":95,"minecraft:birch_leaves":75,"minecraft:grass":45,"minecraft:coal_ore":126,"minecraft:gravel":2,"minecraft:dirt":15,"minecraft:cobweb":6,"minecraft:cracked_stone_bricks":4,"minecraft:polished_andesite":4,"minecraft:stone_bricks":4,"minecraft:oak_leaves":1}},"DataVersion":3465}