{"stats":{"minecraft:dropped":{"minecraft:wooden_pickaxe":1},"minecraft:used":{"quality_of_progression:flint_tool":13,"minecraft:chest":1,"minecraft:wooden_pickaxe":5,"minecraft:gravel":2,"minecraft:fishing_rod":5,"minecraft:dirt":7,"minecraft:cobblestone":1,"minecraft:crafting_table":1,"alexsmobs:animal_dictionary":2},"minecraft:killed_by":{"minecraft:drowned":2,"minecraft:zombie":3},"minecraft:crafted":{"minecraft:oak_planks":8,"minecraft:fishing_rod":1,"minecraft:crafting_table":1,"minecraft:wooden_pickaxe":1,"minecraft:stick":8,"minecraft:flint":3,"quality_of_progression:flint_tool":2,"minecraft:stone_pickaxe":1,"minecraft:chest":1,"minecraft:birch_planks":16},"minecraft:picked_up":{"minecraft:birch_log":6,"minecraft:birch_door":1,"minecraft:crafting_table":3,"minecraft:stick":6,"minecraft:tripwire_hook":1,"minecraft:gravel":5,"minecraft:birch_planks":24,"minecraft:flint":1,"minecraft:oak_log":6,"alexsmobs:animal_dictionary":1,"minecraft:dirt":13,"minecraft:string":2,"minecraft:rotten_flesh":6,"minecraft:wheat_seeds":3,"minecraft:oak_sapling":1,"minecraft:birch_sapling":12,"minecraft:cod":1,"minecraft:cobblestone":5},"minecraft:custom":{"minecraft:time_since_rest":11970,"minecraft:interact_with_furnace":1,"minecraft:sprint_one_cm":52817,"minecraft:damage_taken":1618,"minecraft:walk_one_cm":80327,"minecraft:drop":1,"minecraft:swim_one_cm":5169,"minecraft:interact_with_crafting_table":20,"minecraft:fly_one_cm":16425,"minecraft:open_chest":2,"minecraft:crouch_one_cm":595,"minecraft:play_time":33706,"minecraft:deaths":5,"minecraft:sneak_time":456,"minecraft:walk_under_water_one_cm":8974,"minecraft:jump":184,"minecraft:leave_game":6,"minecraft:walk_on_water_one_cm":8717,"minecraft:time_since_death":11448,"minecraft:total_world_time":33706,"minecraft:fish_caught":1,"minecraft:fall_one_cm":3008},"minecraft:mined":{"minecraft:birch_log":5,"minecraft:birch_leaves":24,"minecraft:crafting_table":1,"minecraft:oak_log":6,"minecraft:gravel":6,"minecraft:dirt":10,"minecraft:stone":5,"minecraft:oak_leaves":1}},"DataVersion":3465}