{"stats":{"minecraft:dropped":{"minecraft:rotten_flesh":1,"alexsmobs:cooked_catfish":1,"minecraft:wooden_pickaxe":1},"minecraft:killed":{"alexsmobs:catfish":2,"minecraft:zombie":4,"minecraft:drowned":2},"minecraft:used":{"alexsmobs:cooked_catfish":1,"minecraft:stone_pickaxe":10,"minecraft:chest":1,"minecraft:wooden_pickaxe":5,"minecraft:cooked_salmon":1,"minecraft:oak_door":5,"minecraft:dirt":7,"minecraft:crafting_table":2,"quality_of_progression:flint_tool":23,"minecraft:iron_pickaxe":105,"minecraft:gravel":2,"minecraft:fishing_rod":23,"minecraft:cobblestone":1,"minecraft:cooked_cod":4,"alexsmobs:animal_dictionary":2,"realistictorches:unlit_torch":16},"minecraft:killed_by":{"minecraft:creeper":1,"minecraft:zombie":4,"minecraft:drowned":2},"minecraft:crafted":{"minecraft:cooked_cod":5,"minecraft:oak_door":3,"minecraft:oak_planks":24,"minecraft:fishing_rod":1,"minecraft:iron_nugget":9,"minecraft:crafting_table":2,"quality_of_progression:flint_tool":3,"minecraft:wooden_pickaxe":1,"realisticforgingores:two_sticks":3,"minecraft:birch_slab":6,"minecraft:cooked_salmon":1,"minecraft:birch_planks":84,"realistictorches:matchbox":1,"minecraft:air":0,"realisticforgingores:hotrawironore":1,"minecraft:paper":3,"minecraft:shield":1,"minecraft:stick":36,"minecraft:flint":4,"minecraft:iron_ingot":1,"minecraft:iron_pickaxe":1,"minecraft:stone_pickaxe":2,"realistictorches:unlit_torch":8,"minecraft:chest":1,"alexsmobs:cooked_catfish":2,"realisticforgingores:smithing_stone_hammer":1},"minecraft:picked_up":{"minecraft:birch_log":23,"minecraft:fishing_rod":5,"minecraft:birch_door":1,"minecraft:crafting_table":4,"minecraft:birch_slab":6,"minecraft:andesite":9,"minecraft:tripwire_hook":1,"minecraft:salmon":4,"minecraft:birch_planks":122,"minecraft:flint":1,"realisticforgingores:copperore":10,"minecraft:oak_log":6,"minecraft:shield":2,"alexsmobs:cooked_catfish":1,"minecraft:dirt":13,"minecraft:string":2,"realisticforgingores:raw_iron_ore":17,"minecraft:pufferfish":3,"realisticforgingores:smithing_stone_hammer":2,"minecraft:wheat_seeds":3,"realistictorches:matchbox":2,"minecraft:iron_ingot":3,"minecraft:iron_pickaxe":2,"minecraft:sugar_cane":3,"minecraft:birch_sapling":12,"minecraft:stick":57,"minecraft:oak_door":5,"minecraft:gravel":6,"alexsmobs:animal_dictionary":1,"alexsmobs:raw_catfish":2,"minecraft:rotten_flesh":8,"realistictorches:unlit_torch":16,"minecraft:bone_meal":18,"minecraft:oak_sapling":1,"minecraft:cod":5,"minecraft:coal":6,"minecraft:cobblestone":51},"minecraft:custom":{"minecraft:interact_with_furnace":36,"minecraft:mob_kills":4,"minecraft:interact_with_crafting_table":50,"minecraft:damage_dealt_resisted":10,"minecraft:leave_game":8,"minecraft:time_since_death":5960,"minecraft:time_since_rest":6002,"minecraft:sprint_one_cm":82579,"minecraft:damage_taken":2489,"minecraft:walk_one_cm":237386,"minecraft:drop":3,"minecraft:damage_dealt":1107,"minecraft:swim_one_cm":47003,"minecraft:fly_one_cm":28583,"minecraft:open_chest":19,"minecraft:crouch_one_cm":910,"minecraft:play_time":91900,"minecraft:deaths":7,"minecraft:sneak_time":1525,"minecraft:walk_under_water_one_cm":69893,"minecraft:jump":392,"minecraft:walk_on_water_one_cm":33060,"minecraft:total_world_time":91900,"minecraft:fish_caught":11,"minecraft:fall_one_cm":5495},"minecraft:mined":{"minecraft:oak_door":3,"minecraft:crafting_table":2,"minecraft:copper_ore":4,"minecraft:sugar_cane":4,"realistictorches:torch":8,"minecraft:iron_ore":4,"minecraft:birch_log":11,"minecraft:andesite":3,"minecraft:birch_leaves":24,"minecraft:oak_log":6,"minecraft:coal_ore":8,"minecraft:gravel":7,"minecraft:dirt":10,"minecraft:stone":28,"minecraft:oak_leaves":1}},"DataVersion":3465}