{"stats":{"minecraft:dropped":{"alexsmobs:cooked_catfish":1,"minecraft:wooden_pickaxe":1},"minecraft:killed":{"alexsmobs:catfish":2,"minecraft:drowned":2},"minecraft:used":{"alexsmobs:cooked_catfish":1,"minecraft:stone_pickaxe":10,"minecraft:chest":1,"minecraft:wooden_pickaxe":5,"minecraft:cooked_salmon":1,"minecraft:oak_door":5,"minecraft:dirt":7,"minecraft:crafting_table":1,"quality_of_progression:flint_tool":22,"minecraft:iron_pickaxe":32,"minecraft:gravel":2,"minecraft:fishing_rod":23,"minecraft:cobblestone":1,"minecraft:cooked_cod":4,"alexsmobs:animal_dictionary":2,"realistictorches:unlit_torch":10},"minecraft:killed_by":{"minecraft:zombie":3,"minecraft:drowned":2},"minecraft:crafted":{"minecraft:cooked_cod":5,"minecraft:oak_door":3,"minecraft:oak_planks":24,"minecraft:fishing_rod":1,"minecraft:iron_nugget":9,"minecraft:crafting_table":1,"quality_of_progression:flint_tool":2,"minecraft:wooden_pickaxe":1,"realisticforgingores:two_sticks":3,"minecraft:birch_slab":6,"minecraft:cooked_salmon":1,"minecraft:birch_planks":36,"realistictorches:matchbox":1,"minecraft:air":0,"realisticforgingores:hotrawironore":1,"minecraft:paper":3,"minecraft:shield":1,"minecraft:stick":36,"minecraft:flint":3,"minecraft:iron_ingot":1,"minecraft:iron_pickaxe":1,"minecraft:stone_pickaxe":1,"realistictorches:unlit_torch":4,"minecraft:chest":1,"alexsmobs:cooked_catfish":2,"realisticforgingores:smithing_stone_hammer":1},"minecraft:picked_up":{"minecraft:birch_log":23,"minecraft:fishing_rod":1,"minecraft:birch_door":1,"minecraft:crafting_table":3,"minecraft:andesite":3,"minecraft:tripwire_hook":1,"minecraft:salmon":4,"minecraft:birch_planks":24,"minecraft:flint":1,"minecraft:oak_log":6,"alexsmobs:cooked_catfish":1,"minecraft:dirt":13,"minecraft:string":2,"realisticforgingores:raw_iron_ore":2,"minecraft:pufferfish":3,"minecraft:wheat_seeds":3,"minecraft:iron_ingot":3,"minecraft:sugar_cane":3,"minecraft:birch_sapling":12,"minecraft:stick":10,"minecraft:oak_door":3,"minecraft:gravel":5,"alexsmobs:animal_dictionary":1,"alexsmobs:raw_catfish":2,"minecraft:rotten_flesh":7,"realistictorches:unlit_torch":8,"minecraft:bone_meal":6,"minecraft:oak_sapling":1,"minecraft:cod":5,"minecraft:coal":2,"minecraft:cobblestone":21},"minecraft:custom":{"minecraft:interact_with_furnace":36,"minecraft:mob_kills":2,"minecraft:interact_with_crafting_table":45,"minecraft:leave_game":8,"minecraft:time_since_death":57642,"minecraft:time_since_rest":58164,"minecraft:sprint_one_cm":64788,"minecraft:damage_taken":1829,"minecraft:walk_one_cm":205457,"minecraft:drop":2,"minecraft:damage_dealt":458,"minecraft:swim_one_cm":27218,"minecraft:fly_one_cm":21308,"minecraft:open_chest":19,"minecraft:crouch_one_cm":776,"minecraft:play_time":79900,"minecraft:deaths":5,"minecraft:sneak_time":1094,"minecraft:walk_under_water_one_cm":52374,"minecraft:jump":274,"minecraft:walk_on_water_one_cm":17090,"minecraft:total_world_time":79900,"minecraft:fish_caught":11,"minecraft:fall_one_cm":4379},"minecraft:mined":{"minecraft:oak_door":3,"minecraft:crafting_table":1,"minecraft:sugar_cane":4,"realistictorches:torch":8,"minecraft:iron_ore":1,"minecraft:birch_log":11,"minecraft:andesite":3,"minecraft:birch_leaves":24,"minecraft:oak_log":6,"minecraft:coal_ore":3,"minecraft:gravel":6,"minecraft:dirt":10,"minecraft:stone":18,"minecraft:oak_leaves":1}},"DataVersion":3465}