{"stats":{"minecraft:dropped":{"minecraft:rotten_flesh":1,"realisticforgingores:hotrawironore":1,"alexsmobs:cooked_catfish":1,"minecraft:wooden_pickaxe":1},"minecraft:killed":{"alexsmobs:catfish":2,"minecraft:zombie":4,"minecraft:drowned":2},"minecraft:used":{"alexsmobs:cooked_catfish":1,"minecraft:stone_pickaxe":10,"minecraft:chest":1,"minecraft:wooden_pickaxe":5,"minecraft:cooked_salmon":1,"minecraft:oak_door":6,"minecraft:dirt":7,"minecraft:crafting_table":3,"quality_of_progression:flint_tool":32,"minecraft:iron_pickaxe":115,"minecraft:gravel":2,"minecraft:fishing_rod":27,"minecraft:cobblestone":1,"minecraft:cooked_cod":5,"alexsmobs:animal_dictionary":2,"realistictorches:unlit_torch":16},"minecraft:killed_by":{"minecraft:creeper":1,"minecraft:zombie":4,"minecraft:drowned":2},"minecraft:crafted":{"minecraft:cooked_cod":6,"minecraft:oak_door":3,"minecraft:oak_planks":44,"minecraft:fishing_rod":1,"minecraft:iron_nugget":18,"minecraft:crafting_table":2,"quality_of_progression:flint_tool":3,"minecraft:wooden_pickaxe":1,"realisticforgingores:two_sticks":7,"minecraft:birch_slab":6,"minecraft:cooked_salmon":1,"minecraft:birch_planks":84,"realistictorches:matchbox":1,"minecraft:air":0,"realisticforgingores:hotrawironore":6,"minecraft:paper":3,"minecraft:shield":1,"realisticforgingores:blacksmithstongs":1,"minecraft:stick":40,"minecraft:flint":4,"minecraft:iron_ingot":1,"minecraft:iron_pickaxe":1,"minecraft:stone_pickaxe":2,"realistictorches:unlit_torch":48,"minecraft:chest":1,"alexsmobs:cooked_catfish":2,"realisticforgingores:smithing_stone_hammer":1},"minecraft:picked_up":{"minecraft:birch_log":23,"minecraft:fishing_rod":7,"minecraft:birch_door":1,"minecraft:crafting_table":5,"minecraft:birch_slab":9,"minecraft:andesite":12,"minecraft:tripwire_hook":1,"minecraft:salmon":4,"realisticforgingores:hotrawironore":2,"minecraft:birch_planks":122,"minecraft:flint":1,"realisticforgingores:copperore":20,"minecraft:oak_log":11,"minecraft:shield":3,"alexsmobs:cooked_catfish":1,"minecraft:dirt":13,"minecraft:string":2,"realisticforgingores:raw_iron_ore":17,"minecraft:pufferfish":4,"realisticforgingores:smithing_stone_hammer":3,"quality_of_progression:flint_tool":1,"minecraft:wheat_seeds":3,"realistictorches:matchbox":3,"minecraft:iron_ingot":4,"minecraft:iron_pickaxe":3,"minecraft:sugar_cane":3,"minecraft:birch_sapling":12,"minecraft:stick":62,"minecraft:oak_door":9,"realisticforgingores:two_sticks":1,"minecraft:gravel":6,"alexsmobs:animal_dictionary":1,"alexsmobs:raw_catfish":2,"minecraft:rotten_flesh":8,"realistictorches:unlit_torch":57,"minecraft:bone_meal":24,"minecraft:oak_sapling":1,"minecraft:cod":6,"minecraft:coal":25,"minecraft:cobblestone":81},"minecraft:custom":{"minecraft:interact_with_furnace":55,"minecraft:mob_kills":4,"minecraft:interact_with_crafting_table":63,"minecraft:damage_dealt_resisted":10,"minecraft:leave_game":8,"minecraft:time_since_death":15435,"minecraft:time_since_rest":15465,"minecraft:sprint_one_cm":93138,"minecraft:damage_taken":2939,"minecraft:walk_one_cm":271093,"minecraft:drop":4,"minecraft:damage_dealt":1107,"minecraft:swim_one_cm":71580,"minecraft:fly_one_cm":32285,"minecraft:open_chest":24,"minecraft:crouch_one_cm":1118,"minecraft:play_time":115900,"minecraft:deaths":8,"minecraft:sneak_time":1653,"minecraft:walk_under_water_one_cm":80778,"minecraft:jump":433,"minecraft:walk_on_water_one_cm":39377,"minecraft:total_world_time":115900,"minecraft:fish_caught":13,"minecraft:fall_one_cm":7201},"minecraft:mined":{"minecraft:oak_door":5,"minecraft:crafting_table":3,"minecraft:copper_ore":4,"minecraft:sugar_cane":4,"realistictorches:torch":8,"minecraft:iron_ore":4,"minecraft:birch_log":11,"minecraft:andesite":3,"minecraft:birch_leaves":24,"minecraft:oak_log":11,"minecraft:coal_ore":13,"minecraft:gravel":7,"minecraft:dirt":10,"minecraft:stone":33,"minecraft:oak_leaves":2}},"DataVersion":3465}