{"stats":{"minecraft:dropped":{"minecraft:wooden_pickaxe":1},"minecraft:used":{"quality_of_progression:flint_tool":13,"minecraft:chest":1,"minecraft:wooden_pickaxe":5,"minecraft:gravel":2,"minecraft:fishing_rod":5,"minecraft:dirt":7,"minecraft:cobblestone":1,"minecraft:crafting_table":1,"alexsmobs:animal_dictionary":2},"minecraft:killed_by":{"minecraft:drowned":2,"minecraft:zombie":3},"minecraft:picked_up":{"minecraft:birch_log":6,"minecraft:birch_door":1,"minecraft:crafting_table":3,"minecraft:stick":10,"minecraft:tripwire_hook":1,"minecraft:gravel":5,"minecraft:birch_planks":24,"minecraft:flint":1,"minecraft:oak_log":6,"alexsmobs:animal_dictionary":1,"minecraft:dirt":13,"minecraft:string":2,"minecraft:pufferfish":1,"minecraft:rotten_flesh":6,"minecraft:wheat_seeds":3,"minecraft:iron_ingot":3,"minecraft:oak_sapling":1,"minecraft:birch_sapling":12,"minecraft:cod":1,"minecraft:cobblestone":7},"minecraft:crafted":{"realisticforgingores:hotrawironore":1,"minecraft:oak_planks":24,"minecraft:fishing_rod":1,"minecraft:shield":1,"minecraft:iron_ingot":1,"minecraft:iron_nugget":9,"minecraft:crafting_table":1,"minecraft:iron_pickaxe":1,"minecraft:wooden_pickaxe":1,"minecraft:stick":16,"minecraft:flint":3,"quality_of_progression:flint_tool":2,"minecraft:stone_pickaxe":1,"realisticforgingores:two_sticks":3,"minecraft:chest":1,"minecraft:birch_planks":16,"realisticforgingores:smithing_stone_hammer":1,"minecraft:air":0},"minecraft:custom":{"minecraft:time_since_rest":23970,"minecraft:interact_with_furnace":12,"minecraft:sprint_one_cm":60241,"minecraft:damage_taken":1618,"minecraft:walk_one_cm":123971,"minecraft:drop":1,"minecraft:swim_one_cm":5169,"minecraft:interact_with_crafting_table":31,"minecraft:fly_one_cm":18259,"minecraft:open_chest":4,"minecraft:crouch_one_cm":772,"minecraft:play_time":45706,"minecraft:deaths":5,"minecraft:sneak_time":536,"minecraft:walk_under_water_one_cm":10602,"minecraft:jump":206,"minecraft:leave_game":6,"minecraft:walk_on_water_one_cm":10227,"minecraft:time_since_death":23448,"minecraft:total_world_time":45706,"minecraft:fish_caught":1,"minecraft:fall_one_cm":3217},"minecraft:mined":{"minecraft:birch_log":5,"minecraft:birch_leaves":24,"minecraft:crafting_table":1,"minecraft:oak_log":6,"minecraft:gravel":6,"minecraft:dirt":10,"minecraft:stone":5,"minecraft:oak_leaves":1}},"DataVersion":3465}