{"stats":{"minecraft:dropped":{"minecraft:rotten_flesh":1,"realisticforgingores:copperore":27,"quality_of_progression:flint_tool":1,"minecraft:cod":10,"realisticforgingores:hotrawironore":2,"alexsmobs:cooked_catfish":1,"minecraft:wooden_pickaxe":1},"minecraft:killed":{"minecraft:spider":2,"minecraft:skeleton":2,"alexsmobs:catfish":2,"minecraft:zombie":4,"minecraft:drowned":2},"minecraft:used":{"alexsmobs:cooked_catfish":1,"minecraft:stone_sword":14,"minecraft:birch_planks":20,"minecraft:stone_pickaxe":26,"minecraft:oak_planks":43,"minecraft:shield":7,"minecraft:chest":1,"minecraft:wooden_pickaxe":5,"minecraft:cooked_salmon":3,"minecraft:oak_door":6,"minecraft:dirt":9,"minecraft:crafting_table":3,"minecraft:white_bed":1,"minecraft:birch_door":1,"quality_of_progression:flint_tool":52,"minecraft:iron_pickaxe":118,"minecraft:gravel":2,"minecraft:stone_axe":8,"minecraft:fishing_rod":49,"minecraft:cobblestone":33,"minecraft:cooked_cod":5,"alexsmobs:animal_dictionary":2,"realistictorches:unlit_torch":18},"minecraft:killed_by":{"minecraft:skeleton":1,"minecraft:creeper":1,"minecraft:zombie":6,"minecraft:drowned":7},"minecraft:crafted":{"minecraft:cooked_cod":6,"minecraft:oak_door":3,"minecraft:oak_planks":92,"minecraft:fishing_rod":1,"minecraft:iron_nugget":18,"minecraft:crafting_table":2,"quality_of_progression:flint_tool":3,"minecraft:wooden_pickaxe":1,"realisticforgingores:two_sticks":7,"minecraft:birch_slab":6,"minecraft:cooked_salmon":3,"minecraft:birch_planks":104,"minecraft:stone_axe":1,"realistictorches:matchbox":1,"minecraft:air":0,"realisticforgingores:hotrawironore":10,"minecraft:paper":3,"minecraft:shield":2,"realisticforgingores:blacksmithstongs":1,"minecraft:stick":48,"minecraft:flint":4,"minecraft:iron_ingot":1,"minecraft:iron_pickaxe":1,"minecraft:stone_pickaxe":2,"realistictorches:unlit_torch":48,"minecraft:stone_sword":1,"minecraft:chest":1,"alexsmobs:cooked_catfish":2,"realisticforgingores:smithing_stone_hammer":3,"minecraft:shears":1},"minecraft:picked_up":{"minecraft:birch_log":28,"minecraft:fishing_rod":12,"minecraft:birch_door":2,"minecraft:crafting_table":5,"minecraft:birch_slab":9,"minecraft:andesite":18,"minecraft:tripwire_hook":3,"minecraft:salmon":6,"realisticforgingores:hotrawironore":3,"minecraft:birch_planks":122,"minecraft:flint":1,"minecraft:lily_pad":2,"realisticforgingores:copperore":57,"minecraft:oak_log":29,"minecraft:shield":4,"realisticforgingores:blacksmithstongs":3,"alexsmobs:cooked_catfish":1,"minecraft:dirt":35,"minecraft:string":3,"minecraft:cooked_salmon":2,"realisticforgingores:raw_iron_ore":17,"minecraft:bone":1,"minecraft:pufferfish":4,"realisticforgingores:smithing_stone_hammer":6,"quality_of_progression:flint_tool":3,"minecraft:wheat_seeds":5,"realistictorches:matchbox":7,"minecraft:stone_pickaxe":1,"minecraft:iron_ingot":8,"minecraft:iron_nugget":21,"minecraft:iron_pickaxe":5,"minecraft:sugar_cane":7,"minecraft:birch_sapling":12,"minecraft:oak_planks":42,"minecraft:stick":69,"realisticforgingores:big_stone":1,"minecraft:oak_door":11,"realisticforgingores:two_sticks":1,"minecraft:gravel":6,"minecraft:white_bed":1,"alexsmobs:animal_dictionary":1,"minecraft:arrow":2,"alexsmobs:raw_catfish":2,"minecraft:stone_sword":1,"minecraft:rotten_flesh":10,"realistictorches:unlit_torch":61,"minecraft:bone_meal":42,"minecraft:oak_sapling":3,"minecraft:cod":16,"minecraft:coal":51,"minecraft:cobblestone":173},"minecraft:custom":{"minecraft:interact_with_furnace":78,"minecraft:mob_kills":6,"minecraft:interact_with_crafting_table":76,"minecraft:damage_dealt_resisted":10,"minecraft:leave_game":8,"minecraft:time_since_death":24003,"minecraft:sleep_in_bed":1,"minecraft:time_since_rest":7399,"minecraft:sprint_one_cm":213149,"minecraft:damage_taken":5109,"minecraft:walk_one_cm":427145,"minecraft:damage_blocked_by_shield":450,"minecraft:drop":17,"minecraft:damage_dealt":1605,"minecraft:swim_one_cm":111651,"minecraft:fly_one_cm":74667,"minecraft:open_chest":52,"minecraft:crouch_one_cm":8073,"minecraft:play_time":175900,"minecraft:deaths":16,"minecraft:sneak_time":3491,"minecraft:walk_under_water_one_cm":97942,"minecraft:jump":833,"minecraft:interact_with_blast_furnace":1,"minecraft:walk_on_water_one_cm":62028,"minecraft:total_world_time":175900,"minecraft:fish_caught":25,"minecraft:fall_one_cm":16837},"minecraft:mined":{"minecraft:oak_door":5,"minecraft:crafting_table":3,"minecraft:cobblestone":5,"minecraft:copper_ore":9,"realistictorches:torch_wall":1,"minecraft:oak_planks":3,"minecraft:sugar_cane":6,"realistictorches:torch":9,"minecraft:iron_ore":4,"minecraft:birch_log":11,"minecraft:andesite":3,"minecraft:birch_leaves":25,"minecraft:oak_log":29,"minecraft:coal_ore":13,"minecraft:gravel":7,"minecraft:dirt":10,"minecraft:cobweb":1,"minecraft:stone":38,"minecraft:oak_leaves":9,"realisticforgingores:big_stone":1}},"DataVersion":3465}