{"stats":{"minecraft:used":{"quality_of_progression:flint_tool":5,"minecraft:dirt":7,"alexsmobs:animal_dictionary":2},"minecraft:crafted":{"minecraft:birch_planks":16,"minecraft:crafting_table":1,"minecraft:flint":2,"quality_of_progression:flint_tool":1},"minecraft:killed_by":{"minecraft:zombie":2},"minecraft:picked_up":{"minecraft:birch_log":5,"minecraft:stick":2,"minecraft:gravel":2,"minecraft:flint":1,"minecraft:birch_sapling":4,"minecraft:dirt":9,"alexsmobs:animal_dictionary":1},"minecraft:custom":{"minecraft:time_since_rest":8069,"minecraft:crouch_one_cm":168,"minecraft:play_time":11984,"minecraft:sprint_one_cm":7684,"minecraft:damage_taken":748,"minecraft:deaths":2,"minecraft:walk_one_cm":21782,"minecraft:sneak_time":79,"minecraft:jump":38,"minecraft:leave_game":4,"minecraft:time_since_death":7972,"minecraft:total_world_time":11984,"minecraft:fall_one_cm":1088,"minecraft:fly_one_cm":2211},"minecraft:mined":{"minecraft:gravel":3,"minecraft:dirt":9,"minecraft:birch_log":5,"minecraft:birch_leaves":24}},"DataVersion":3465}