{"stats":{"minecraft:dropped":{"minecraft:wooden_pickaxe":1},"minecraft:killed":{"minecraft:drowned":2},"minecraft:used":{"minecraft:stone_pickaxe":10,"minecraft:chest":1,"minecraft:wooden_pickaxe":5,"minecraft:cooked_salmon":1,"minecraft:oak_door":3,"minecraft:dirt":7,"minecraft:crafting_table":1,"quality_of_progression:flint_tool":16,"minecraft:iron_pickaxe":3,"minecraft:gravel":2,"minecraft:fishing_rod":18,"minecraft:cobblestone":1,"minecraft:cooked_cod":1,"alexsmobs:animal_dictionary":2},"minecraft:killed_by":{"minecraft:zombie":3,"minecraft:drowned":2},"minecraft:crafted":{"minecraft:cooked_cod":1,"minecraft:oak_door":3,"minecraft:oak_planks":24,"minecraft:fishing_rod":1,"minecraft:crafting_table":1,"minecraft:iron_nugget":9,"quality_of_progression:flint_tool":2,"minecraft:wooden_pickaxe":1,"realisticforgingores:two_sticks":3,"minecraft:cooked_salmon":1,"minecraft:birch_planks":16,"minecraft:air":0,"realisticforgingores:hotrawironore":1,"minecraft:shield":1,"minecraft:stick":16,"minecraft:flint":3,"minecraft:iron_ingot":1,"minecraft:iron_pickaxe":1,"minecraft:stone_pickaxe":1,"minecraft:chest":1,"realisticforgingores:smithing_stone_hammer":1},"minecraft:picked_up":{"minecraft:birch_log":6,"minecraft:fishing_rod":1,"minecraft:crafting_table":3,"minecraft:birch_door":1,"minecraft:tripwire_hook":1,"minecraft:salmon":1,"minecraft:birch_planks":24,"minecraft:flint":1,"minecraft:oak_log":6,"minecraft:string":2,"minecraft:dirt":13,"minecraft:pufferfish":2,"minecraft:wheat_seeds":3,"minecraft:iron_ingot":3,"minecraft:birch_sapling":12,"minecraft:stick":10,"minecraft:oak_door":3,"minecraft:gravel":5,"alexsmobs:animal_dictionary":1,"minecraft:rotten_flesh":6,"minecraft:bone_meal":6,"minecraft:oak_sapling":1,"minecraft:coal":1,"minecraft:cod":5,"minecraft:cobblestone":8},"minecraft:custom":{"minecraft:interact_with_furnace":20,"minecraft:mob_kills":1,"minecraft:interact_with_crafting_table":36,"minecraft:leave_game":6,"minecraft:time_since_death":35448,"minecraft:time_since_rest":35970,"minecraft:sprint_one_cm":61764,"minecraft:damage_taken":1676,"minecraft:walk_one_cm":148231,"minecraft:drop":1,"minecraft:damage_dealt":260,"minecraft:swim_one_cm":11452,"minecraft:fly_one_cm":19327,"minecraft:open_chest":10,"minecraft:crouch_one_cm":776,"minecraft:play_time":57706,"minecraft:deaths":5,"minecraft:sneak_time":704,"minecraft:walk_under_water_one_cm":20894,"minecraft:jump":231,"minecraft:walk_on_water_one_cm":10780,"minecraft:total_world_time":57706,"minecraft:fish_caught":7,"minecraft:fall_one_cm":3217},"minecraft:mined":{"minecraft:oak_door":3,"minecraft:crafting_table":1,"minecraft:birch_log":5,"minecraft:birch_leaves":24,"minecraft:oak_log":6,"minecraft:coal_ore":2,"minecraft:gravel":6,"minecraft:dirt":10,"minecraft:stone":5,"minecraft:oak_leaves":1}},"DataVersion":3465}