{"stats":{"minecraft:dropped":{"minecraft:wooden_pickaxe":1},"minecraft:killed":{"minecraft:drowned":2},"minecraft:used":{"minecraft:stone_pickaxe":10,"minecraft:chest":1,"minecraft:wooden_pickaxe":5,"minecraft:cooked_salmon":1,"minecraft:oak_door":3,"minecraft:dirt":7,"minecraft:crafting_table":1,"quality_of_progression:flint_tool":22,"minecraft:iron_pickaxe":3,"minecraft:gravel":2,"minecraft:fishing_rod":18,"minecraft:cobblestone":1,"minecraft:cooked_cod":4,"alexsmobs:animal_dictionary":2,"realistictorches:unlit_torch":7},"minecraft:killed_by":{"minecraft:zombie":3,"minecraft:drowned":2},"minecraft:crafted":{"minecraft:cooked_cod":5,"minecraft:oak_door":3,"minecraft:oak_planks":24,"minecraft:fishing_rod":1,"minecraft:iron_nugget":9,"minecraft:crafting_table":1,"quality_of_progression:flint_tool":2,"minecraft:wooden_pickaxe":1,"realisticforgingores:two_sticks":3,"minecraft:cooked_salmon":1,"minecraft:birch_planks":36,"minecraft:air":0,"realisticforgingores:hotrawironore":1,"minecraft:paper":3,"minecraft:shield":1,"minecraft:stick":36,"minecraft:flint":3,"minecraft:iron_ingot":1,"minecraft:iron_pickaxe":1,"minecraft:stone_pickaxe":1,"realistictorches:unlit_torch":4,"minecraft:chest":1,"realisticforgingores:smithing_stone_hammer":1},"minecraft:picked_up":{"minecraft:birch_log":23,"minecraft:fishing_rod":1,"minecraft:birch_door":1,"minecraft:crafting_table":3,"minecraft:tripwire_hook":1,"minecraft:salmon":1,"minecraft:birch_planks":24,"minecraft:flint":1,"minecraft:oak_log":6,"minecraft:dirt":13,"minecraft:string":2,"minecraft:pufferfish":2,"minecraft:wheat_seeds":3,"minecraft:iron_ingot":3,"minecraft:sugar_cane":3,"minecraft:birch_sapling":12,"minecraft:stick":10,"minecraft:oak_door":3,"minecraft:gravel":5,"alexsmobs:animal_dictionary":1,"minecraft:rotten_flesh":7,"realistictorches:unlit_torch":7,"minecraft:bone_meal":6,"minecraft:oak_sapling":1,"minecraft:cod":5,"minecraft:coal":1,"minecraft:cobblestone":8},"minecraft:custom":{"minecraft:interact_with_furnace":32,"minecraft:mob_kills":1,"minecraft:interact_with_crafting_table":43,"minecraft:leave_game":8,"minecraft:time_since_death":45642,"minecraft:time_since_rest":46164,"minecraft:sprint_one_cm":64238,"minecraft:damage_taken":1829,"minecraft:walk_one_cm":186406,"minecraft:drop":1,"minecraft:damage_dealt":260,"minecraft:swim_one_cm":16555,"minecraft:fly_one_cm":21252,"minecraft:open_chest":15,"minecraft:crouch_one_cm":776,"minecraft:play_time":67900,"minecraft:deaths":5,"minecraft:sneak_time":760,"minecraft:walk_under_water_one_cm":28176,"minecraft:jump":263,"minecraft:walk_on_water_one_cm":12529,"minecraft:total_world_time":67900,"minecraft:fish_caught":7,"minecraft:fall_one_cm":4171},"minecraft:mined":{"minecraft:oak_door":3,"minecraft:crafting_table":1,"minecraft:sugar_cane":4,"realistictorches:torch":7,"minecraft:birch_log":11,"minecraft:birch_leaves":24,"minecraft:oak_log":6,"minecraft:coal_ore":2,"minecraft:gravel":6,"minecraft:dirt":10,"minecraft:stone":5,"minecraft:oak_leaves":1}},"DataVersion":3465}