{"stats":{"minecraft:dropped":{"minecraft:rotten_flesh":1,"minecraft:cod":10,"realisticforgingores:hotrawironore":2,"alexsmobs:cooked_catfish":1,"minecraft:wooden_pickaxe":1},"minecraft:killed":{"alexsmobs:catfish":2,"minecraft:zombie":4,"minecraft:drowned":2},"minecraft:used":{"alexsmobs:cooked_catfish":1,"minecraft:birch_planks":20,"minecraft:stone_pickaxe":11,"minecraft:oak_planks":8,"minecraft:chest":1,"minecraft:wooden_pickaxe":5,"minecraft:cooked_salmon":1,"minecraft:oak_door":6,"minecraft:dirt":9,"minecraft:crafting_table":3,"minecraft:white_bed":1,"quality_of_progression:flint_tool":35,"minecraft:iron_pickaxe":117,"minecraft:gravel":2,"minecraft:fishing_rod":49,"minecraft:cobblestone":26,"minecraft:cooked_cod":5,"alexsmobs:animal_dictionary":2,"realistictorches:unlit_torch":16},"minecraft:killed_by":{"minecraft:skeleton":1,"minecraft:creeper":1,"minecraft:zombie":6,"minecraft:drowned":7},"minecraft:crafted":{"minecraft:cooked_cod":6,"minecraft:oak_door":3,"minecraft:oak_planks":44,"minecraft:fishing_rod":1,"minecraft:iron_nugget":18,"minecraft:crafting_table":2,"quality_of_progression:flint_tool":3,"minecraft:wooden_pickaxe":1,"realisticforgingores:two_sticks":7,"minecraft:birch_slab":6,"minecraft:cooked_salmon":3,"minecraft:birch_planks":104,"realistictorches:matchbox":1,"minecraft:air":0,"realisticforgingores:hotrawironore":10,"minecraft:paper":3,"minecraft:shield":2,"realisticforgingores:blacksmithstongs":1,"minecraft:stick":44,"minecraft:flint":4,"minecraft:iron_ingot":1,"minecraft:iron_pickaxe":1,"minecraft:stone_pickaxe":2,"realistictorches:unlit_torch":48,"minecraft:stone_sword":1,"minecraft:chest":1,"alexsmobs:cooked_catfish":2,"realisticforgingores:smithing_stone_hammer":3,"minecraft:shears":1},"minecraft:picked_up":{"minecraft:birch_log":28,"minecraft:fishing_rod":11,"minecraft:birch_door":1,"minecraft:crafting_table":5,"minecraft:birch_slab":9,"minecraft:andesite":18,"minecraft:tripwire_hook":2,"minecraft:salmon":6,"realisticforgingores:hotrawironore":3,"minecraft:birch_planks":122,"minecraft:flint":1,"minecraft:lily_pad":1,"realisticforgingores:copperore":40,"minecraft:oak_log":13,"minecraft:shield":3,"realisticforgingores:blacksmithstongs":3,"alexsmobs:cooked_catfish":1,"minecraft:dirt":35,"minecraft:string":2,"realisticforgingores:raw_iron_ore":17,"minecraft:pufferfish":4,"realisticforgingores:smithing_stone_hammer":6,"quality_of_progression:flint_tool":2,"minecraft:wheat_seeds":5,"realistictorches:matchbox":6,"minecraft:iron_ingot":8,"minecraft:iron_nugget":21,"minecraft:iron_pickaxe":5,"minecraft:sugar_cane":5,"minecraft:birch_sapling":12,"minecraft:oak_planks":37,"minecraft:stick":65,"minecraft:oak_door":11,"realisticforgingores:two_sticks":1,"minecraft:gravel":6,"minecraft:white_bed":1,"alexsmobs:animal_dictionary":1,"alexsmobs:raw_catfish":2,"minecraft:rotten_flesh":10,"realistictorches:unlit_torch":59,"minecraft:bone_meal":42,"minecraft:oak_sapling":3,"minecraft:cod":16,"minecraft:coal":51,"minecraft:cobblestone":163},"minecraft:custom":{"minecraft:interact_with_furnace":72,"minecraft:mob_kills":4,"minecraft:interact_with_crafting_table":71,"minecraft:damage_dealt_resisted":10,"minecraft:leave_game":8,"minecraft:time_since_death":3,"minecraft:time_since_rest":37,"minecraft:sprint_one_cm":193131,"minecraft:damage_taken":5003,"minecraft:walk_one_cm":358804,"minecraft:drop":15,"minecraft:damage_dealt":1174,"minecraft:swim_one_cm":100294,"minecraft:fly_one_cm":67473,"minecraft:open_chest":46,"minecraft:crouch_one_cm":7458,"minecraft:play_time":151900,"minecraft:deaths":16,"minecraft:sneak_time":3211,"minecraft:walk_under_water_one_cm":92141,"minecraft:jump":708,"minecraft:interact_with_blast_furnace":1,"minecraft:walk_on_water_one_cm":58879,"minecraft:total_world_time":151900,"minecraft:fish_caught":25,"minecraft:fall_one_cm":14003},"minecraft:mined":{"minecraft:oak_door":5,"minecraft:crafting_table":3,"minecraft:cobblestone":1,"minecraft:copper_ore":4,"realistictorches:torch_wall":1,"minecraft:oak_planks":1,"minecraft:sugar_cane":5,"realistictorches:torch":9,"minecraft:iron_ore":4,"minecraft:birch_log":11,"minecraft:andesite":3,"minecraft:birch_leaves":25,"minecraft:oak_log":13,"minecraft:coal_ore":13,"minecraft:gravel":7,"minecraft:dirt":10,"minecraft:stone":33,"minecraft:oak_leaves":2}},"DataVersion":3465}