{"stats":{"minecraft:dropped":{"minecraft:rotten_flesh":1,"realisticforgingores:hotrawironore":2,"alexsmobs:cooked_catfish":1,"minecraft:wooden_pickaxe":1},"minecraft:killed":{"alexsmobs:catfish":2,"minecraft:zombie":4,"minecraft:drowned":2},"minecraft:used":{"alexsmobs:cooked_catfish":1,"minecraft:birch_planks":20,"minecraft:stone_pickaxe":10,"minecraft:chest":1,"minecraft:wooden_pickaxe":5,"minecraft:cooked_salmon":1,"minecraft:oak_door":6,"minecraft:dirt":9,"minecraft:crafting_table":3,"quality_of_progression:flint_tool":32,"minecraft:iron_pickaxe":117,"minecraft:gravel":2,"minecraft:fishing_rod":27,"minecraft:cobblestone":1,"minecraft:cooked_cod":5,"alexsmobs:animal_dictionary":2,"realistictorches:unlit_torch":16},"minecraft:killed_by":{"minecraft:creeper":1,"minecraft:zombie":6,"minecraft:drowned":5},"minecraft:crafted":{"minecraft:cooked_cod":6,"minecraft:oak_door":3,"minecraft:oak_planks":44,"minecraft:fishing_rod":1,"minecraft:iron_nugget":18,"minecraft:crafting_table":2,"quality_of_progression:flint_tool":3,"minecraft:wooden_pickaxe":1,"realisticforgingores:two_sticks":7,"minecraft:birch_slab":6,"minecraft:cooked_salmon":1,"minecraft:birch_planks":104,"realistictorches:matchbox":1,"minecraft:air":0,"realisticforgingores:hotrawironore":9,"minecraft:paper":3,"minecraft:shield":1,"realisticforgingores:blacksmithstongs":1,"minecraft:stick":44,"minecraft:flint":4,"minecraft:iron_ingot":1,"minecraft:iron_pickaxe":1,"minecraft:stone_pickaxe":2,"realistictorches:unlit_torch":48,"minecraft:stone_sword":1,"minecraft:chest":1,"alexsmobs:cooked_catfish":2,"realisticforgingores:smithing_stone_hammer":2},"minecraft:picked_up":{"minecraft:birch_log":28,"minecraft:fishing_rod":11,"minecraft:birch_door":1,"minecraft:crafting_table":5,"minecraft:birch_slab":9,"minecraft:andesite":18,"minecraft:tripwire_hook":1,"minecraft:salmon":4,"realisticforgingores:hotrawironore":3,"minecraft:birch_planks":122,"minecraft:flint":1,"realisticforgingores:copperore":40,"minecraft:oak_log":11,"minecraft:shield":3,"realisticforgingores:blacksmithstongs":3,"alexsmobs:cooked_catfish":1,"minecraft:dirt":33,"minecraft:string":2,"realisticforgingores:raw_iron_ore":17,"minecraft:pufferfish":4,"realisticforgingores:smithing_stone_hammer":6,"quality_of_progression:flint_tool":2,"minecraft:wheat_seeds":5,"realistictorches:matchbox":6,"minecraft:iron_ingot":8,"minecraft:iron_nugget":21,"minecraft:iron_pickaxe":5,"minecraft:sugar_cane":5,"minecraft:birch_sapling":12,"minecraft:oak_planks":36,"minecraft:stick":62,"minecraft:oak_door":11,"realisticforgingores:two_sticks":1,"minecraft:gravel":6,"alexsmobs:animal_dictionary":1,"alexsmobs:raw_catfish":2,"minecraft:rotten_flesh":8,"realistictorches:unlit_torch":57,"minecraft:bone_meal":42,"minecraft:oak_sapling":1,"minecraft:cod":6,"minecraft:coal":51,"minecraft:cobblestone":162},"minecraft:custom":{"minecraft:interact_with_furnace":64,"minecraft:mob_kills":4,"minecraft:interact_with_crafting_table":66,"minecraft:damage_dealt_resisted":10,"minecraft:leave_game":8,"minecraft:time_since_death":2518,"minecraft:time_since_rest":2584,"minecraft:sprint_one_cm":138938,"minecraft:damage_taken":4285,"minecraft:walk_one_cm":300895,"minecraft:drop":5,"minecraft:damage_dealt":1174,"minecraft:swim_one_cm":95841,"minecraft:fly_one_cm":48635,"minecraft:open_chest":34,"minecraft:crouch_one_cm":3683,"minecraft:play_time":127900,"minecraft:deaths":13,"minecraft:sneak_time":2180,"minecraft:walk_under_water_one_cm":89768,"minecraft:jump":546,"minecraft:walk_on_water_one_cm":55210,"minecraft:total_world_time":127900,"minecraft:fish_caught":13,"minecraft:fall_one_cm":11098},"minecraft:mined":{"minecraft:oak_door":5,"minecraft:crafting_table":3,"minecraft:copper_ore":4,"minecraft:sugar_cane":5,"realistictorches:torch":8,"minecraft:iron_ore":4,"minecraft:birch_log":11,"minecraft:andesite":3,"minecraft:birch_leaves":25,"minecraft:oak_log":11,"minecraft:coal_ore":13,"minecraft:gravel":7,"minecraft:dirt":10,"minecraft:stone":33,"minecraft:oak_leaves":2}},"DataVersion":3465}