{"stats":{"minecraft:used":{"quality_of_progression:flint_tool":6,"minecraft:dirt":7,"minecraft:cobblestone":1,"minecraft:crafting_table":1,"alexsmobs:animal_dictionary":2},"minecraft:crafted":{"minecraft:birch_planks":16,"minecraft:crafting_table":1,"minecraft:flint":2,"quality_of_progression:flint_tool":1},"minecraft:killed_by":{"minecraft:zombie":3,"minecraft:drowned":2},"minecraft:picked_up":{"minecraft:birch_log":6,"minecraft:stick":6,"minecraft:crafting_table":2,"minecraft:wheat_seeds":2,"minecraft:birch_planks":12,"minecraft:gravel":2,"minecraft:flint":1,"minecraft:birch_sapling":12,"minecraft:dirt":13,"alexsmobs:animal_dictionary":1,"minecraft:cobblestone":1},"minecraft:custom":{"minecraft:time_since_rest":202,"minecraft:crouch_one_cm":168,"minecraft:play_time":21938,"minecraft:sprint_one_cm":32622,"minecraft:damage_taken":1480,"minecraft:walk_one_cm":45082,"minecraft:deaths":5,"minecraft:sneak_time":82,"minecraft:walk_under_water_one_cm":3526,"minecraft:jump":117,"minecraft:leave_game":6,"minecraft:time_since_death":0,"minecraft:walk_on_water_one_cm":5213,"minecraft:total_world_time":21938,"minecraft:swim_one_cm":2227,"minecraft:interact_with_crafting_table":12,"minecraft:fly_one_cm":11843,"minecraft:fall_one_cm":1717},"minecraft:mined":{"minecraft:gravel":3,"minecraft:dirt":10,"minecraft:birch_log":5,"minecraft:birch_leaves":24,"minecraft:crafting_table":1}},"DataVersion":3465}