{"stats":{"minecraft:dropped":{"minecraft:rotten_flesh":3,"realisticforgingores:copperore":27,"quality_of_progression:flint_tool":1,"minecraft:cod":10,"minecraft:pufferfish":2,"realisticforgingores:hotrawironore":2,"alexsmobs:cooked_catfish":1,"minecraft:wooden_pickaxe":1},"minecraft:killed":{"minecraft:spider":2,"minecraft:wandering_trader":2,"minecraft:skeleton":2,"alexsmobs:catfish":2,"minecraft:trader_llama":4,"minecraft:zombie":4,"alexsmobs:terrapin":2,"minecraft:drowned":6},"minecraft:used":{"realisticforgingores:big_stone":1,"alexsmobs:cooked_catfish":1,"minecraft:stone_sword":70,"minecraft:birch_planks":20,"minecraft:stone_pickaxe":26,"minecraft:oak_planks":76,"minecraft:shield":7,"minecraft:chest":1,"minecraft:wooden_pickaxe":5,"minecraft:cooked_salmon":5,"minecraft:oak_door":8,"minecraft:dirt":14,"minecraft:crafting_table":5,"minecraft:cod":3,"minecraft:white_bed":1,"minecraft:birch_door":1,"quality_of_progression:flint_tool":56,"minecraft:iron_pickaxe":164,"minecraft:gravel":2,"minecraft:stone_axe":56,"minecraft:fishing_rod":67,"minecraft:cobblestone":33,"minecraft:cooked_cod":7,"alexsmobs:animal_dictionary":2,"realistictorches:unlit_torch":19},"minecraft:killed_by":{"minecraft:skeleton":2,"minecraft:creeper":2,"minecraft:zombie":9,"minecraft:drowned":7},"minecraft:crafted":{"minecraft:cooked_cod":9,"minecraft:oak_door":6,"minecraft:oak_planks":212,"minecraft:fishing_rod":1,"minecraft:iron_nugget":18,"minecraft:crafting_table":2,"quality_of_progression:flint_tool":4,"minecraft:wooden_pickaxe":1,"realisticforgingores:barshapedmold":3,"realisticforgingores:two_sticks":7,"minecraft:birch_slab":6,"minecraft:cooked_salmon":5,"minecraft:birch_planks":104,"minecraft:stone_axe":1,"realistictorches:matchbox":1,"minecraft:air":0,"realisticforgingores:hotrawironore":10,"minecraft:paper":3,"minecraft:shield":2,"realisticforgingores:blacksmithstongs":1,"minecraft:stick":48,"minecraft:flint":5,"minecraft:iron_ingot":1,"minecraft:iron_pickaxe":1,"minecraft:stone_pickaxe":2,"realistictorches:unlit_torch":72,"minecraft:stone_sword":1,"minecraft:chest":1,"alexsmobs:cooked_catfish":2,"realisticforgingores:smithing_stone_hammer":3,"minecraft:shears":1},"minecraft:picked_up":{"minecraft:birch_log":35,"minecraft:fishing_rod":12,"minecraft:birch_door":3,"minecraft:crafting_table":8,"minecraft:birch_slab":9,"minecraft:andesite":22,"minecraft:tripwire_hook":3,"minecraft:salmon":8,"minecraft:leather":2,"minecraft:lead":2,"realisticforgingores:hotrawironore":3,"minecraft:birch_planks":122,"minecraft:flint":1,"minecraft:lily_pad":3,"realisticforgingores:copperore":86,"minecraft:oak_log":55,"minecraft:shield":4,"realisticforgingores:blacksmithstongs":3,"minecraft:lapis_lazuli":53,"alexsmobs:cooked_catfish":1,"minecraft:dirt":40,"minecraft:string":3,"minecraft:cooked_salmon":2,"realisticforgingores:raw_iron_ore":17,"minecraft:bone":1,"minecraft:pufferfish":7,"realisticforgingores:smithing_stone_hammer":6,"quality_of_progression:flint_tool":3,"minecraft:wheat_seeds":5,"realistictorches:matchbox":7,"minecraft:stone_pickaxe":1,"minecraft:iron_ingot":8,"minecraft:iron_nugget":21,"minecraft:iron_pickaxe":5,"minecraft:sugar_cane":8,"minecraft:birch_sapling":14,"minecraft:oak_planks":44,"minecraft:stick":71,"realisticforgingores:big_stone":1,"minecraft:oak_door":13,"realisticforgingores:two_sticks":1,"minecraft:gravel":7,"minecraft:white_bed":1,"alexsmobs:animal_dictionary":1,"minecraft:arrow":2,"alexsmobs:raw_catfish":2,"minecraft:stone_sword":1,"minecraft:rotten_flesh":12,"realistictorches:unlit_torch":61,"minecraft:bone_meal":42,"minecraft:oak_sapling":4,"minecraft:cod":22,"minecraft:coal":79,"minecraft:cobblestone":179},"minecraft:custom":{"minecraft:interact_with_furnace":91,"minecraft:mob_kills":12,"minecraft:interact_with_crafting_table":84,"minecraft:damage_dealt_resisted":10,"minecraft:leave_game":8,"minecraft:time_since_death":11316,"minecraft:sleep_in_bed":3,"minecraft:time_since_rest":9213,"minecraft:sprint_one_cm":247568,"minecraft:damage_taken":6937,"minecraft:walk_one_cm":540226,"minecraft:damage_blocked_by_shield":450,"minecraft:drop":21,"minecraft:damage_dealt":3487,"minecraft:swim_one_cm":133985,"minecraft:fly_one_cm":87494,"minecraft:open_chest":66,"minecraft:crouch_one_cm":13524,"minecraft:play_time":223900,"minecraft:deaths":21,"minecraft:sneak_time":6184,"minecraft:walk_under_water_one_cm":149674,"minecraft:jump":1158,"minecraft:interact_with_blast_furnace":1,"minecraft:walk_on_water_one_cm":83376,"minecraft:total_world_time":223900,"minecraft:fish_caught":35,"minecraft:fall_one_cm":20835},"minecraft:mined":{"minecraft:oak_door":7,"minecraft:crafting_table":6,"minecraft:grass_block":4,"minecraft:lapis_ore":8,"minecraft:cobblestone":5,"minecraft:copper_ore":20,"realistictorches:torch_wall":1,"minecraft:oak_planks":4,"minecraft:sugar_cane":7,"realistictorches:torch":9,"minecraft:iron_ore":4,"minecraft:birch_log":18,"minecraft:andesite":7,"minecraft:birch_leaves":50,"minecraft:oak_log":55,"minecraft:coal_ore":30,"minecraft:gravel":8,"minecraft:dirt":11,"minecraft:cobweb":1,"minecraft:stone":44,"minecraft:oak_leaves":66,"realisticforgingores:big_stone":1}},"DataVersion":3465}