{"stats":{"minecraft:dropped":{"minecraft:cod":10,"minecraft:pufferfish":2,"realisticforgingores:hotrawironore":2,"alexsmobs:cooked_catfish":1,"minecraft:rotten_flesh":3,"realisticforgingores:copperore":27,"quality_of_progression:flint_tool":1,"minecraft:wooden_pickaxe":1},"minecraft:killed":{"alexsmobs:raccoon":4,"minecraft:spider":2,"minecraft:skeleton":2,"minecraft:drowned":6,"sleep_tight:bedbug":2,"minecraft:wandering_trader":2,"alexsmobs:catfish":2,"minecraft:trader_llama":4,"minecraft:zombie":4,"alexsmobs:terrapin":2},"minecraft:used":{"realisticforgingores:big_stone":1,"minecraft:stone_sword":70,"minecraft:chest":1,"minecraft:shield":7,"minecraft:iron_sword":3,"minecraft:cooked_salmon":5,"minecraft:oak_door":8,"minecraft:dirt":14,"minecraft:carrot":16,"minecraft:birch_door":1,"quality_of_progression:flint_tool":56,"realistictorches:lit_torch":5,"minecraft:iron_axe":11,"minecraft:cooked_cod":7,"alexsmobs:cooked_catfish":1,"minecraft:birch_planks":20,"minecraft:stone_pickaxe":26,"minecraft:oak_planks":76,"minecraft:wooden_pickaxe":5,"minecraft:crafting_table":5,"minecraft:white_bed":1,"minecraft:cod":3,"minecraft:apple":1,"minecraft:iron_pickaxe":261,"minecraft:gravel":2,"minecraft:stone_axe":56,"minecraft:fishing_rod":67,"minecraft:cobblestone":33,"alexsmobs:animal_dictionary":2,"realistictorches:unlit_torch":20},"minecraft:killed_by":{"minecraft:creeper":2,"minecraft:drowned":7,"minecraft:skeleton":2,"minecraft:zombie":9},"minecraft:crafted":{"minecraft:oak_door":6,"minecraft:oak_planks":256,"minecraft:fishing_rod":1,"minecraft:iron_nugget":18,"realisticforgingores:barshapedmold":3,"realisticforgingores:two_sticks":7,"minecraft:birch_slab":6,"realistictorches:matchbox":2,"minecraft:iron_axe":1,"minecraft:stone_pickaxe":2,"realistictorches:unlit_torch":124,"minecraft:chest":1,"alexsmobs:cooked_catfish":2,"realisticforgingores:smithing_stone_hammer":3,"minecraft:cooked_cod":9,"minecraft:oak_slab":6,"minecraft:crafting_table":2,"realisticforgingores:woodpestle":1,"quality_of_progression:flint_tool":4,"minecraft:wooden_pickaxe":1,"minecraft:iron_sword":1,"minecraft:cooked_salmon":5,"minecraft:birch_planks":104,"minecraft:stone_axe":1,"minecraft:air":0,"realisticforgingores:hotrawironore":10,"minecraft:paper":9,"minecraft:shield":3,"realisticforgingores:blacksmithstongs":1,"minecraft:stick":76,"minecraft:flint":5,"minecraft:iron_pickaxe":2,"minecraft:iron_ingot":1,"minecraft:stone_sword":1,"minecraft:shears":1,"realistictorches:lit_torch":52},"minecraft:picked_up":{"minecraft:fishing_rod":12,"minecraft:crafting_table":8,"minecraft:birch_door":3,"minecraft:lead":2,"minecraft:shield":4,"alexsmobs:cooked_catfish":1,"minecraft:string":3,"minecraft:cooked_salmon":2,"minecraft:pufferfish":7,"realisticforgingores:smithing_stone_hammer":6,"realistictorches:matchbox":7,"minecraft:iron_nugget":21,"minecraft:iron_pickaxe":5,"alexsmobs:raccoon_tail":1,"minecraft:sugar_cane":16,"minecraft:birch_sapling":14,"minecraft:stick":75,"realisticforgingores:big_stone":1,"minecraft:oak_door":13,"realisticforgingores:two_sticks":1,"minecraft:carrot":9,"minecraft:stone_sword":1,"minecraft:arrow":2,"minecraft:rotten_flesh":12,"minecraft:cod":22,"minecraft:cobblestone":232,"minecraft:birch_log":35,"minecraft:salmon":8,"minecraft:tripwire_hook":3,"minecraft:birch_slab":9,"minecraft:andesite":22,"minecraft:leather":2,"realisticforgingores:hotrawironore":3,"minecraft:birch_planks":122,"minecraft:flint":1,"realisticforgingores:copperore":104,"minecraft:oak_log":66,"minecraft:lily_pad":3,"realisticforgingores:blacksmithstongs":3,"minecraft:lapis_lazuli":53,"minecraft:dirt":40,"realisticforgingores:raw_iron_ore":17,"minecraft:bone":1,"minecraft:apple":2,"quality_of_progression:flint_tool":3,"minecraft:wheat_seeds":5,"minecraft:iron_ingot":8,"minecraft:stone_pickaxe":1,"minecraft:oak_planks":44,"minecraft:gravel":7,"realisticforgingores:pan":1,"minecraft:white_bed":1,"alexsmobs:animal_dictionary":1,"alexsmobs:raw_catfish":2,"realistictorches:unlit_torch":62,"minecraft:bone_meal":42,"minecraft:oak_sapling":6,"minecraft:coal":107},"minecraft:custom":{"minecraft:mob_kills":15,"minecraft:interact_with_crafting_table":106,"minecraft:damage_dealt_resisted":10,"minecraft:leave_game":8,"minecraft:time_since_death":35316,"minecraft:sprint_one_cm":275043,"minecraft:walk_one_cm":634984,"minecraft:damage_blocked_by_shield":450,"minecraft:drop":21,"minecraft:play_time":247900,"minecraft:deaths":21,"minecraft:sneak_time":6541,"minecraft:walk_under_water_one_cm":156737,"minecraft:jump":1439,"minecraft:interact_with_blast_furnace":1,"minecraft:walk_on_water_one_cm":87600,"minecraft:total_world_time":247900,"minecraft:interact_with_furnace":98,"minecraft:sleep_in_bed":5,"minecraft:time_since_rest":14289,"minecraft:damage_taken":7168,"minecraft:damage_dealt":3776,"minecraft:swim_one_cm":138058,"minecraft:fly_one_cm":96363,"minecraft:open_chest":80,"minecraft:crouch_one_cm":13913,"minecraft:fish_caught":35,"minecraft:fall_one_cm":22811},"minecraft:mined":{"minecraft:oak_door":7,"minecraft:grass_block":4,"realistictorches:torch":10,"minecraft:carrots":2,"minecraft:iron_ore":4,"minecraft:andesite":7,"minecraft:stone":97,"realisticforgingores:big_stone":1,"minecraft:crafting_table":6,"minecraft:copper_ore":29,"minecraft:cobblestone":5,"realistictorches:torch_wall":1,"minecraft:lapis_ore":8,"minecraft:sugar_cane":12,"minecraft:oak_planks":4,"minecraft:birch_log":18,"minecraft:birch_leaves":50,"minecraft:grass":1,"minecraft:coal_ore":58,"minecraft:oak_log":66,"minecraft:gravel":8,"minecraft:dirt":11,"minecraft:cobweb":1,"minecraft:oak_leaves":66}},"DataVersion":3465}